id,title,notes,organization,formats,tags,wfs_url,download_url,has_wfs,license,metadata_modified,predicted_relevant,relevance_score
regional-geochemical-survey-areas,Regional Geochemical Survey Areas,"The joint federal-provincial Regional Geochemical Surveys (RGS) have been carried out in British Columbia since 1976 as part of the National Geochemical Reconnaissance (NGR) program to aid exploration and development of mineral resources. The British Columbia Geological Survey maintains provincial geochemical databases capturing information from multi-media surveys. This 2017 release is the most current index of 73 regional geochemical survey areas, represented by 112 publications, covering abou",BC Geological Survey,"KML, CSV, WMS, ZIP","GeoFile, digital data, geochemistry, geology, mineral exploration, mineral potential, regional geochemical survey, stream geochemistry, survey index, water geochemistry",,,False,Access Only,2023-06-29T14:18:50.561448,1,0.87
regional-geochemical-survey-data,Regional Geochemical Survey Data,2020 DATABASE (Excel):  The joint federal-provincial Regional Geochemical Surveys (RGS) have been carried out in British Columbia since 1976 as part of the National Geochemical Reconnaissance (NGR) program to aid exploration and development of mineral resources. The British Columbia Geological Survey (BCGS) maintains provincial geochemical databases capturing information from multi-media surveys. This 2020 release of the most current and complete province-wide geochemical data set collected unde,BC Geological Survey,"KML, WMS, XLSX","RGS, RGS database, digital data, geochemistry, geology, lake sediment, mineral exploration, mineral potential, moss mat-trapped drainage sediment, regional geochemical survey, regional geochemical survey database, stream geochemistry, stream sediment, water geochemistry",,,False,Open Government Licence - British Columbia,2023-06-29T14:18:38.139118,1,0.86
regional-geochemical-lake-surveys,Regional Geochemical Lake Surveys,"In parts of British Columbia where topography is subdued, surface drainage is poor and there is an abundance of lakes, lake sediment and water surveys are a valuable exploration tool for delineating regional geochemical patterns and detecting anomalous metal concentrations related to mineral occurrences.",BC Geological Survey,ZIP,"RGS, exploration, geochemistry, lake, mineral potential, till surveys",,,False,Access Only,2022-06-09T23:46:05.093163,1,0.86
bc-geological-survey-publications-catalogue,BC Geological Survey Publications Catalogue,"Since its inception in 1895, the British Columbia Geological Survey has created, delivered, and archived geoscience data. The British Columbia Geological Survey (BCGS) Publications Catalogue is an index of over 5580 publications, articles and databases of the BCGS, Petroleum Geoscience, and Geoscience BC.  Publications form a key element of the products of the Survey and include an archive, dating back to 1874.  The catalogue is searchable through the web, Google and the BC Data Catalogue.  The ",BC Geological Survey,"HTML, CSV","Annual Reports, Bulletins, CGKN, Databases, Exploration in B.C., GeoFile, Geology, Geoscience Maps, Information Circulars, Maps, Mineral Exploration Review, Mineral Potential Maps, Papers, Preliminary Maps, Surficial geology, bedrock geology, geoscience data, open file",,,False,Access Only,2022-06-09T23:33:31.833691,1,0.84
manual-snow-survey-locations,Manual Snow Survey Site Locations,Manual snow survey (active & inactive) locations as part of the BC Snow Survey program. ,Environmental Monitoring and Analysis Branch,"KML, WMS, MULTIPLE","hydrology, snow, snow survey",,,False,Open Government Licence - British Columbia,2026-03-21T12:42:19.614161,1,0.835
snow-survey-administrative-basin-areas,Snow Survey Administrative Basin Areas,"Snow survey administrative basin areas, which are components of the BC snow survey network. Basin codes are used as basis of snow survey station names, and for some reporting purposes.",Environmental Monitoring and Analysis Branch,"KML, WMS, MULTIPLE","hydrology, snow, snow survey",,,False,Open Government Licence - British Columbia,2023-06-29T14:12:30.794154,1,0.83
regional-geochemical-stream-water-sampling,Regional Geochemical Stream Water Sampling,"Stream water samples are collected as part of the Regional Geochemical Survey (RGS) program, which covers over 80% of British Columbia. An additional 4332 stream and lake water samples were analyzed by ICP-MS, ICP-ES and other methods  for trace and minor elements in NTS map areas 082M, 093C/D/F/K/L/M, 094L/M, 103A, 104A/H/J/P.  The data provides the elements found in the water sample as well as the test method, the detection limit and the original source.  The data is available for download and",BC Geological Survey,XLSX,"RGS, digital data, geochemistry, geology, mineral exploration, mineral potential, regional geochemical survey, stream geochemistry, water geochemistry, water sampling",,,False,Open Government Licence - British Columbia,2023-08-29T22:10:42.135914,1,0.82
till-geochemistry-data,Till Geochemistry Data,"Till geochemistry surveys are targeted at regions of high mineral potential where glacial sediments cover and obscure the underlying bedrock. These surveys are conducted in conjunction with surficial geology mapping. British Columbia Geological Survey GeoFile 2017-09 provides the complete data set of publically available, regional-scale, till geochemical surveys. The surveys, carried out by the British Columbia Geological Survey, the Geological Survey of Canada, and Geoscience BC, compiles 39 re",BC Geological Survey,"CSV, XLSX","geochemistry, mineral exploration, regional geochemistry, till, till database, till geochemistry, till surveys",,,False,Access Only,2022-06-09T23:53:57.136300,1,0.82
till-geochemistry-surveys,Till Geochemistry Surveys,"Till geochemistry surveys are targeted at regions of high mineral potential where glacial sediments cover and obscure the underlying bedrock. These surveys are conducted in conjunction with surficial geology mapping. British Columbia Geological Survey Open File 2019-04 indexes geographically referenced, regional- and property-scale subglacial till geochemical and mineralogical surveys targeting base and precious metals in British Columbia. It also lists topical studies relevant to drift prospect",BC Geological Survey,"PDF, CSV","drift prospecting, geochemistry, mineral exploration, regional geochemistry, till, till geochemistry, till surveys",,,False,Access Only,2022-06-09T23:44:27.679914,1,0.805
lithogeochemical-database,Lithogeochemical Database,"A new database system was developed to maintain, update, and manage province-wide lithogeochemical data collected by British Columbia Geological Survey (BCGS) geoscientists and their research partners. The database, released as BCGS GeoFile 2016-04, is populated with data compiled from 214 BCGS publications released between 1986 and 2015. It includes 10,914 samples with about 250,000 determinations analyzed by 26 analytical methods in 21 laboratories. The database operates through a semi-automat",BC Geological Survey,"PDF, XLSX, CSV","assay, geochemical, lithogeochemical, lithogeochemical database, lithogeochemistry, mineral exploration, rock geochemistry, rock types",,,False,Access Only,2022-06-09T23:57:38.358940,1,0.77
surficial-geology-map-index,Surficial Geology Map Index,"Presented here is a surficial geology map index for British Columbia, which is published as BCGS Open File 2019-03. The 241 maps indexed were produced by the British Columbia Geological Survey, the Geological Survey of Canada (GSC), and Geoscience BC.  Only maps available for digital download are included.  Each map is represented by the actual map extent rather than a bounding box or NTS sheet that it falls within. The surficial geology map index can be viewed, with reports linked to the data, ",BC Geological Survey,"PDF, KMZ, CSV, ZIP","British Columbia Geological Survey, Surficial geology, areal extent, base mapping, compilation, digital download, map index",,,False,Access Only,2022-06-09T23:34:37.356012,1,0.765
tantalis-surveyed-wellsites,TANTALIS - Surveyed Wellsites,Surveyed wellsites under the Petroleum and Natural Gas Act or the Peace River Block in the Dominion Township survey system grid. Tantalis is an information system designed specifically for the needs of the complex workings of Crown Land Registry and to provide automated support for all aspects of Crown land administration. It was designed to provide a foundation for integrating spatial data associated with mapping of survey plans and administrative boundaries with attribute data associated with ,Lands Branch,"KML, WMS, MULTIPLE","CLRS, Canada, Crown Land Registry, Crown Lands, tantalis",,,False,Access Only,2026-03-22T12:46:13.785598,1,0.76
bcgs-publications-search,BCGS Publications Search,"The British Columbia Geological Survey (BCGS) Publications Search application is used to search on geoscience data to help industry, government, research agencies, and the general public make informed decisions related to the Earth Sciences.  The BCGS Publications Catalogue is an index of over 5500 publications, articles and databases of the BCGS, Petroleum Geoscience, and Geoscience BC. Publications form a key element of the products of the Survey and include an archive, dating back to 1874. Th",BC Geological Survey,OTHER,"CGKN, GeoFiles, NTS Map, Publications Catalogue, Search, abstract, author, databases, geoscience maps, information circulars, keyword, open files, papers, publication no., scale, series, title, year",,,False,Access Only,2022-06-09T23:56:03.306594,1,0.75
mapplace,MapPlace,"MapPlace is a web service that allows clients to browse, visualize, and analyze multidisciplinary geoscience data. Data themes and applications available on MapPlace include mineral potential, bedrock and surficial geology, publications, mineral and petroleum tenure, MINFILE, assessment reports, geochemistry, and geophysical surveys.  Create your own maps using interactive data sets. Create reports and download data from selected themes and objects. MapPlace requires the Autodesk MapGuide Viewer",BC Geological Survey,OTHER,"GIS, MINFILE, Map Place, MapPlace, assessment reports, bedrock geology, create a map, digital data, geochemistry, geophysical, geoscience data, geospatial, interactive datasets, maps, mineral potential, mineral tenure, petroleum tenure, publications, surficial geology, surveys, thematic maps, tools, web service",,,False,Access Only,2023-08-29T21:48:41.280239,1,0.745
soil-survey-project-boundaries,Soil Survey Project Boundaries,"Soil Survey Project Boundaries (soil mapping study areas) contains the soil survey project area and attributes describing each project (project level metadata), plus links to the locations of other data associated with the project (e.g., soil survey reports, polygon datasets, plotfiles, scanned maps, legends). Soil Mapping divides the landscape into units according to soil association, name, type, drainage, parent material, and texture. This layer is derived from the STE_TEI_PROJECT_BOUNDARIES_S",Knowledge Management,"KML, WMS, MULTIPLE, XLSX","BGC, Canada, DTEIF, Drainage, PEM, SEI, STE, STEWI, TEI, TEIS, TEM, TER, TSM, WHR, biogeoclimatic, bioterrain, bioterrain mapping, describing terrestrial ecosystems, ecology, ecosystem, ecosystem mapping, ecosystem modelling, erosion, landslide, predictive ecosystem mapping, sedimentation, sensitive ecosystem, sensitive ecosystems inventory, slope stability, soil, terrain, terrain and ecosystems, terrain inventory mapping, terrain mapping, terrain stability, terrain stability mapping, terrestrial ecosystem mapping, wildlife habitat rating, wildlife inventory",,,False,Open Government Licence - British Columbia,2024-10-07T18:34:16.876207,1,0.735
national-parks-of-canada-within-british-columbia,National Parks of Canada within British Columbia,"This dataset provides the administrative boundaries of National Parks and National Park Reserves within the province of British Columbia.  Administrative boundaries were compiled from Legal Surveys Division's cadastral datasets and survey records archived in the Canada Lands Survey Records.  Canada Lands Administrative Boundaries (CLAB) were adjusted to match British Columbia's authoritative base mapping features.  The Fresh Water Atlas (FWA) was used for streams, rivers, coastlines, and height ",GeoBC Branch,"KML, WMS, MULTIPLE","Boundaries, CLAB, Canada Lands, Federal Parks, Marine Parks, National Parks, National Parks of Canada, Protected Areas",,,False,Access Only,2025-05-10T12:42:13.703316,1,0.735
geophysical,Geophysical Data," Geophysical data for British Columbia can be obtained from three agencies:

1. BC Geological Survey: search the Publication Catalogue for released geophysical data and Assessment Reports for geophysical survey results from exploration activity;
2. Geological Survey of Canada: search GEOSCAN for geophysics in British Columbia and the Geoscience Data Repository for Geophysical Data;
3. Geoscience BC: has geophysical publications and data from surveys conducted since 2005.",BC Geological Survey,OTHER,"aeromagnetics, geophysical surveys, geophysics, gravity surveys",,,False,Access Only,2022-06-09T23:53:18.762940,1,0.73
terrain-inventory-mapping-tim-detailed-polygons-with-short-attribute-table-spatial-view,Terrain Inventory Mapping (TIM) Detailed Polygons with Short Attribute Table Spatial View,"Terrain Inventory Mapping (TIM) contains  polygons with key and amalgamated (concatenated) attributes derived from the RISC (Resource Inventory Standards Committee) standard attributes. TIM is multi-purpose and divides the landscape into units according to surficial material, surface expression and geomorphological process using the Terrain Classification System for British Columbia. Most of the inventory mapping was completed in the 1970s and 1980s on 1 to 50,000 scale base maps using air photo",Knowledge Management,"FGDB, XLSX, KML, WMS, MULTIPLE","BGC, Canada, DTEIF, Drainage, PEM, SEI, STE, STEWI, TEIS, TEM, TER, TSM, WHR, biogeoclimatic, bioterrain, bioterrain mapping, describing terrestrial ecosystems, ecology, ecosystem, ecosystem mapping, ecosystem modelling, erosion, landslide, predictive ecosystem mapping, sedimentation, sensitive ecosystem, sensitive ecosystems inventory, slope stability, soil, terrain, terrain and ecosystems, terrain inventory mapping, terrain mapping, terrain stability, terrain stability mapping, terrestrial ecosystem mapping, wildlife habitat rating, wildlife inventory",,,False,Open Government Licence - British Columbia,2024-10-07T18:44:04.184348,1,0.725
bedrock-geology,Bedrock Geology,"British Columbia Digital Geology is the data source used for the seamless province-wide, up-to-date, and detailed bedrock geology. The bedrock geology is standardized with consistent stratigraphic code and geometries, and integrates all details of compilations from 1:50,000 to 1:250,000. The latest release (Open File 2017-8) is maintained by a geospatial frame data model, which consists of attributed geological contacts and faults as linework, and outcrops or centroids as points attributed with ",BC Geological Survey,"SHP, OTHER, KML, XML, WMS","bedrock geology, digital geology, faults, geology map, lithology, lithostratigraphy",,https://catalogue.data.gov.bc.ca/dataset/ef8476ed-b02d-4f5c-b778-0d44c9126144/resource/aa3a15f8-02fe-49c6-836c-6866c326203d/download/bedrockgeology2018.zip,False,Open Government Licence - British Columbia,2023-08-29T22:13:57.383422,1,0.72
terrestrial-ecosystem-information-scanned-map-boundary,Terrestrial Ecosystem Information Scanned Map Boundary,"STE_SCANNED_MAP_BOUNDARY_SP includes an index of the mapsheet grid location of Soils, Terrain, Ecosystems and related scanned maps (including Agriculture Capability and Climate Capability maps). These maps are intended for on-screen viewing or printing. The majority of the maps have been geo-referenced. Mapping may not cover the whole map grid area. Some maps are interim or draft and may have been superseded. Some files are of related legends and map project text. Associated scanned map boundary",Knowledge Management,"KML, WMS, MULTIPLE","Canada, Drainage, STE, TEI, TER, TSM, agriculture capability, climate capability, ecology, ecosystem, ecosystem mapping, effluent absorption, erosion, landslide, slope, soil, soil capability, soil classification, soil suitability, terrain, terrain and ecosystems, terrain inventory, terrain mapping, terrain stability, terrestrial ecosystem mapping",,,False,Open Government Licence - British Columbia,2023-06-29T14:21:34.063828,1,0.71
fossil-resources-web-map,Fossil Resources Web Map,"Enables users to browse the location and view related details for thousands of known fossil occurrence sites in British Columbia. Over time, knowledge of fossil resources in the province will increase, allowing for the map and associated database to be refined.",Heritage Branch,OTHER,"Geology, fossil, fossil occurrence, fossil sites, geologic age, geologic time, paleontology",,,False,Access Only,2022-04-06T22:13:01.976061,1,0.705
terrestrial-ecosystem-information-project-scanned-map-boundary,Terrestrial Ecosystem Information Project Scanned Map Boundary,"STE_PRJ_SCANNED_MAP_BNDRY_SVW includes an index of the mapsheet grid location of Soils, Terrain, and Ecosystems projects. These maps are intended for on-screen viewing or printing. The majority of the maps have been geo-referenced. Project mapping may not cover the whole map grid area. Some maps are interim or draft and may have been superseded. Some files are of related legends and map project text. Associated scanned map boundary attributes describe the project map (project level metadata) and",Knowledge Management,"KML, WMS, MULTIPLE","Canada, Drainage, STE, TEI, TER, TSM, agriculture capability, climate capability, ecology, ecosystem, ecosystem mapping, effluent absorption, erosion, landslide, slope, soil, soil capability, soil classification, soil suitability, terrain, terrain and ecosystems, terrain inventory, terrain mapping, terrain stability, terrestrial ecosystem mapping",,,False,Access Only,2023-06-29T14:16:31.389552,1,0.705
snow-basin-indices-mapping-application,Snow Basin Indices Mapping Application,"This is a mapping application of current snow basin indices across British Columbia. Snow basin index mapping is based on analysis from the River Forecast Centre, and is meant to accompany the Snow Conditions and Water Supply Bulletins that are published for data from January 1st, February 1st, March 1st, April 1st, May 1st, May 15th, June 1st and June 15th each year. Snow data collection is managed by the Ministry of Environment and Climate Change Strategy's Snow Program.",River Forecast Centre,OTHER,"AGO, BC, British Columbia, Canada, Climate, Drought, Flood, Hydrology, River Forecast Centre, Snow, Water",,,False,Access Only,2022-05-03T19:37:49.719753,1,0.705
mineral-deposit-profiles,Mineral Deposit Profiles,"Mineral Deposit Profiles provide brief summaries of the types of mineral deposits found in British Columbia. They include descriptions of host rocks, mineralogy, alteration, tectonic setting, associations, genetic models, and exploration guides, and give typical examples with grades and tonnages. Of the 160 profiles for metal, coal deposits and industrial minerals, 120 profile descriptions are in a compiled Geofile 2020-11.",BC Geological Survey,"CSV, XLSX","coal deposits, compilation, deposit type, industrial mineral deposits, metallic mineral deposits, mineral deposit classification, mineral deposit descriptions, mineral deposit models, mineral deposit profiles, mineral deposits",,,False,Access Only,2023-08-29T22:37:34.810506,1,0.695
terrestrial-ecosystem-mapping-tem-project-boundaries,Terrestrial Ecosystem Mapping (TEM) Project Boundaries,"Terrestrial Ecosystem Mapping (TEM) project boundaries contains (study areas) and attributes describing each project (project level metadata), plus links to the locations of other data associated with the project (e.g., reports, polygon datasets, plotfiles, field data, legends).TEM divides the landscape into units according to a variety of ecological features including climate, physiography, surficial material, bedrock geology, soils and vegetation. This layer is derived from the STE_TEI_PROJECT",Knowledge Management,"KML, WMS, MULTIPLE, XLSX","BGC, Canada, Drainage, STE, Seral Stage, TEIS, TEM, TER, TSM, biogeoclimatic, bioterrain, ecology, ecosystem, ecosystem mapping, environmental sensitivity, erosion, forest, landform, landslide, mapping, parent material, riparian, sedimentation, site series, slope stability, soil, structural stage, substrate, surficial geology, terrain and ecosystem information system, terrain and ecosystems, terrain mapping, terrain stability, terrain stability mapping, terrestrial ecosystem mapping, wetland, wildlife habitat",,,False,Open Government Licence - British Columbia,2024-10-07T18:31:13.855826,1,0.69
minfile-mineral-occurrences-search,MINFILE Mineral Occurrences Search,"MINFILE is an inventory documenting metallic mineral, industrial mineral, and coal occurrences in the province. With over 16,000 entries, the database is being updated continuously. Users can query MINFILE by location, identification number, mineralogy, commodity, host rock, deposit type, geological setting, age, production, and references. Search results can be displayed on MapPlace.",BC Geological Survey,OTHER,"British Columbia place, Industrial Mineral, annual coal production, bibliography, capsule geology, commodities, digital data, geological setting, geology, host rock, industrial and coal deposits, location, metallic mineral deposits, mineral, mineral inventory, mineral occurrence, mineral occurrences, occurrence, past production, production, reserves, rock types, stratigraphic age",,,False,Access Only,2023-08-29T21:47:31.914958,1,0.685
reconnaissance-karst-potential-mapping,Reconnaissance Karst Potential Mapping,"An interpretation of bedrock geology, topography and other sources of information that shows the potential for karst formations.  This is a reconnaissance level map for all of British Columbia",Forest Analysis and Inventory Branch,"KML, WMS, MULTIPLE","forestry, geology, karst potential mapping",,,False,Open Government Licence - British Columbia,2024-10-11T22:31:26.791443,1,0.68
bc-parks-ecological-reserves-and-protected-areas,"BC Parks, Ecological Reserves, and Protected Areas","This dataset contains parks and protected areas managed for important conservation values and are dedicated for the preservation of their natural environments for the inspiration, use and enjoyment of the public. Places of special ecological importance are designated as ecological reserves for scientific research and educational purposes. Source data is Tantalis. 
*April 18, 2018: Prior to this date this dataset had one spatial boundary per park per survey plan that intersected the boundary of ",BC Parks,"KML, WMS, MULTIPLE","BC Parks, Boundaries, Canada, Crown Land, Crown Land Registry, Crown Tenure, Eco Reserves, Ecological Reserves, Parks, Protected Area, Protected Land, Provincial Parks, Tantalis",,,False,Open Government Licence - British Columbia,2026-03-22T12:46:00.967205,1,0.675
ground-water-aquifers,Ground Water Aquifers,"Polygon features represent developed ground water aquifers in BC (that have been mapped). Most aquifer boundaries are delineated based on geology, hydrology and topographic information. Some aquifer boundaries stop at the border of BC mapsheet boundaries due to resource or data constraints at the time of mapping.",Water Protection and Sustainability,"XLSX, WMS, MULTIPLE, KML","Canada, Hydrology, aquifer, groundwater",,,False,Open Government Licence - British Columbia,2026-03-21T12:43:25.862003,1,0.675
borehole-log-lithology-public-view,Borehole Log Lithology Public View,"Contains data on lithology, hydraulic conductivity and water levels, taken from borehole logs.

This layer is a point feature and available to Public.",Authorizations and Remediation,"KML, WMS, MULTIPLE","aquifer, aquitard, cleanup, contaminated, groundwater, groundwater level, hydraulic information, remediation, soil description",,,False,Access Only,2026-01-19T23:15:02.681310,1,0.675
hydrology-hydrologic-zone-boundaries-of-british-columbia,Hydrology: Hydrologic Zone Boundaries of British Columbia,Zones that represent areas of homogeneous hydrologic and geomorphological characteristics,Environmental Monitoring and Analysis Branch,"KML, WMS, MULTIPLE",hydrologic,,,False,Open Government Licence - British Columbia,2023-06-29T14:16:33.702148,1,0.675
terrain-stability-mapping-tsm-detailed-polygons-with-short-attribute-table-spatial-view,Terrain Stability Mapping (TSM) Detailed Polygons with Short Attribute Table Spatial View,"Terrain Stability Mapping (TSM) contains  polygons with key and amalgamated (concatenated) attributes derived from the RISC (Resource Inventory Standards Committee) standard attributes. TSM uses air photo interpretation and select field checking to divides the landscape into units using the Terrain Classification System for British Columbia and stability criteria. Polygon attributes include (but are not limited to) surficial material, surface expression, geomorphological processes, drainage clas",Knowledge Management,"FGDB, XLSX, KML, WMS, MULTIPLE","BGC, Canada, DTEIF, Drainage, PEM, SEI, STE, STEWI, TEIS, TEM, TER, TSM, WHR, biogeoclimatic, bioterrain, bioterrain mapping, describing terrestrial ecosystems, ecology, ecosystem, ecosystem mapping, ecosystem modelling, erosion, landslide, predictive ecosystem mapping, sedimentation, sensitive ecosystem, sensitive ecosystems inventory, slope stability, soil, terrain, terrain and ecosystems, terrain mapping, terrain stability, terrain stability mapping, terrestrial ecosystem mapping, wildlife habitat rating, wildlife inventory",,,False,Open Government Licence - British Columbia,2024-10-07T18:41:52.903469,1,0.675
bioterrain-mapping-tbt-detailed-polygons-with-short-attribute-table-spatial-view,Bioterrain Mapping (TBT) Detailed Polygons with Short Attribute Table Spatial View,"Bioterrain (TBT) contains polygons with key and amalgamated (concatenated) attributes derived from the RISC (Resource Inventory Standards Committee) standard attributes. TBT divides the landscape into units using the Terrain Classification System for British Columbia and ecological criteria. Polygon attributes include (but are not limited to) surficial material, surface expression, geomorphological processes, drainage class and aspect. TBT methods include manual air photo interpretation supporte",Knowledge Management,"FGDB, XLSX, KML, WMS, MULTIPLE","BGC, Canada, DTEIF, Drainage, PEM, SEI, STE, STEWI, TEIS, TEM, TER, TSM, WHR, biogeoclimatic, bioterrain, bioterrain mapping, describing terrestrial ecosystems, ecology, ecosystem, ecosystem mapping, ecosystem modelling, erosion, landslide, predictive ecosystem mapping, sedimentation, sensitive ecosystem, sensitive ecosystems inventory, slope stability, soil, terrain, terrain and ecosystems, terrain inventory mapping, terrain mapping, terrain stability, terrain stability mapping, terrestrial ecosystem mapping, wildlife habitat rating, wildlife inventory",,,False,Open Government Licence - British Columbia,2024-10-10T16:49:34.226110,1,0.67
ice-flow-indicator-compilation,Ice-flow indicator compilation,"Building on previous ice-flow indicator compilations for British Columbia, this map and database illustrate major ice-flow directions for the Canadian sector of the Cordilleran ice sheet during the Late Pleistocene. The data were derived from published and unpublished surficial geology, terrain, and glacial feature maps. Because field data are sparse in the area ~ 300 km south of the British Columbia -Yukon border, new data were generated using digital stereo airphotos, digital derived-stereo or",BC Geological Survey,"FGDB, PDF, SHP","Cordilleran ice sheet, Late Pleistocene, bioterrain mapping, crag-and-tail, drift prospecting, drumlin, fluting, glacial features, groove, ice-flow directions, ice-flow indicators, striation, surficial geology",,https://catalogue.data.gov.bc.ca/dataset/a2fc4cb6-0cdc-4a9b-b1e6-6e1139a37cf5/resource/fe265d4e-b6f9-4ca2-ba59-59fa75d20c0a/download/of201604shp.zip,False,Access Only,2023-08-29T22:05:12.040123,1,0.67
terrestrial-ecosystem-information-project-boundaries,Terrestrial Ecosystem Information Project Boundaries,"Terrestrial Ecosystem Information Project Boundaries contains boundaries (study areas) and attributes describing each project (project level metadata), plus links to the locations of other data associated with the project (e.g., reports, polygon datasets, plotfiles, legends). TEI inventories describe the physical and biological attributes of ecosystems. TEI currently includes Terrestrial Ecosystem Mapping (TEM), Predictive Ecosystem Mapping (PEM), Sensitive Ecosystems Inventory (SEI), Terrain Ma",Knowledge Management,"XLSX, FGDB, MULTIPLE","BGC, Canada, DTEIF, Drainage, PEM, SEI, STE, STEWI, TEIS, TEM, TER, TSM, WHR, biogeoclimatic, bioterrain, bioterrain mapping, describing terrestrial ecosystems, ecology, ecosystem, ecosystem mapping, ecosystem modelling, erosion, landslide, predictive ecosystem mapping, sedimentation, sensitive ecosystem, sensitive ecosystems inventory, slope stability, soil, terrain, terrain and ecosystems, terrain mapping, terrain stability, terrain stability mapping, terrestrial ecosystem mapping, wildlife habitat rating, wildlife inventory",,,False,Open Government Licence - British Columbia,2024-10-07T18:30:27.225227,1,0.665
soil-survey-spatial-view,Soil Survey Spatial View,"Soil Survey polygons contain soils spatial and attribute information utilized by the Ministry of Environment online Soil Information Finder Tool ([SIFT](http://www2.gov.bc.ca/gov/content/environment/air-land-water/land/soil-information-finder)). The information pertains to soil survey data in the Province of British Columbia, as well as links to a variety of reports and maps. Polygons related to soil surveys can be made up of a complex of up to 3 components representing 3 different soil types. T",Knowledge Management,"KML, WMS, SHP, MULTIPLE","TEI, inventory, soil, soil classification, soil description, soil drainage, soil horizon, soil inventory, soil map, soil maps, soil name, soil survey, soil texture, soils, soils inventory, soils maps, soils survey, survey",,http://www.env.gov.bc.ca/esd/distdata/ecosystems/Soil_Data/Soil_Data_Pkgs/,False,Open Government Licence - British Columbia,2026-03-21T12:43:57.130837,1,0.66
coalfile-search,COALFILE Search,"The online COALFILE Search application is updated periodically as new reports become available. Searches include COALFILE Number, Report Year, Coal Field and NTS Map.  Results include links to Coal Assessment Reports, MINFILE,  and KML files for use in Google Earth.  The COALFILE database, indexing 1039 Coal Assessment Reports and data from exploration and development properties across British Columbia, is available for download and viewing in MapPlace. The information contained in COALFILE is s",BC Geological Survey,OTHER,"COALFILE, MINFILE, NTS map, application, borehole, bulk samples, coal, coal assessment report, coal field, search, trench",,,False,Access Only,2023-08-29T21:47:48.940648,1,0.66
lidar,LiDAR,"__LiDAR__ (__Li__ght __D__etection __A__nd __R__anging) is a modern survey method that produces three-dimensional spatial information in the form of a data point cloud.

LiDAR is an active remote sensing system; it produces its own energy to acquire information, versus passive systems, like cameras, that only receive energy. 

LiDAR systems are made up of a scanner, which is a laser transmitter and receiver; a GNSS (GPS) receiver; and an inertial navigation system (INS). These instruments are mo",GeoBC Branch,OTHER,"DEM, DSM, LiDAR, data, download, lidar, open, point cloud, portal, remote sensing, web map, webmap",,,False,Open Government Licence - British Columbia,2024-04-18T20:33:20.935380,1,0.66
british-columbia-regional-flood-frequency-analysis-web-application,British Columbia Regional Flood Frequency Analysis Web Application,This ArcGIS Online application displays the hydrometric stations and accompanying drainage areas analyzed as part of Bulletin 2020-1-RFFA described below. A frequency analysis was conducted on Annual Maximum Series (AMS) streamflow data collected at Water Survey of Canada (WSC) and United States Geological Survey (USGS) hydrometric gauge stations that met the following criteria for inclusion in the Bulletin 2020-1-RFFA study: at least 10 years or data (with 350 or more days of observations) abov,Water Management,"CSV, ZIP, OTHER","ArcGIS Online, Flood, Frequenct, Hydrometric, Regional, Streamflow",,,False,Open Government Licence - British Columbia,2025-07-30T21:05:23.920470,1,0.655
ogc-oil-and-gas-regional-fields,Oil and Gas Regional Fields,"Geographic outline of large, unconventional natural gas accumulations that are specific to a geological formation. Regional fields cover an expansive area which is too large to provide a meaningful geographic reference and consequently are not to be used for well naming purposes.",British Columbia Energy Regulator,"KML, WMS, MULTIPLE","BC, BC Energy Regulator, BCER, Energy Regulator, Northeast, OGC, Oil and Gas Commission, oil and gas, regional field",,,False,Access Only,2026-03-21T12:43:42.490147,1,0.655
rock-properties-database,Rock Properties Database,"The Rock Properties Database is a collaborative Geoscience BC project among Mira Geoscience, the Geological Survey of Canada and CAMIRO. This database brings together geophysical and geological information into a common format, facilitating interpretation of rock properties and corresponding geological descriptions across the geological areas of British Columbia. This fully operative web-based system provides a single database for all rock property data allowing aggregation of large amounts of d",BC Geological Survey,"CSV, XLS","Rock, geology, geophysics, property, rock properties",,,False,Access Only,2021-07-22T17:59:29.549972,1,0.65
atlas-of-canada-1-000-000-national-frameworks-data-hydrology-lakes,"Atlas of Canada 1,000,000 National Frameworks Data - Hydrology Lakes","DEPRECATED: 1:1million Lakes from the Natural Resources Canada GeoGratis portal provided by the Earth Sciences Sector.

This has been replaced with [WHSE_BASEMAPPING.NRC_WATERBODIES_1M_SP](https://catalogue.data.gov.bc.ca/dataset/d8090b02-55b6-4117-b876-0b77b6b9ab18)",GeoBC Branch,ORACLE_SDE,"000, Lakes 1 1, Lakes 1 1million",,,False,Access Only,2022-01-13T01:42:24.687752,1,0.65
property-file-index,Property File Index,"Property File is a collection of over 90,000 documents associated with mineral occurrences, donated by industry or individuals, or collected by British Columbia Geological Survey (BCGS) staff.  These documents extend back over 150 years and include unpublished reports, theses, papers, field notes, company prospectuses, correspondence, hand-drawn maps, geology, geochemistry, geophysics, drilling data, claim maps, mine plans and photographs.  The public can search the document index, link through ",BC Geological Survey,"CSV, XLSX","bedrock geology, drill core records, drill data, field notes, future exploration targets, geochemistry, hand drawn maps, mine plans, mineral exploration, photos, property file, prospectuses, reports, theses",,,False,Access Only,2023-08-29T21:51:15.253721,1,0.65
mapplace-2,MapPlace 2,"MapPlace 2 serves the diverse needs of the mineral exploration industry, resource planners, public safety agencies, communities, First Nations, government, research organizations, and the general public. It builds on the success of the original MapPlace, which was created in 1995 and has a proven record of helping decision makers reduce the costs of accessing and analyzing geoscience data in British Columbia. 

The revamped MapPlace 2 is easier to use and has much improved functionality and pe",BC Geological Survey,OTHER,"MapPlace, MapPlace 2, assessment reports, bedrock geology, geochemistry, geophysics, geoscience data, geospatial, ice-flow indicators, mineral tenure, surficial geology, till geochemistry, web map, web service",,,False,Access Only,2023-08-29T22:02:43.966932,1,0.65
generalized-forest-cover-ownership,Generalized Forest Cover Ownership,"The Generalized Forest Cover Ownership (i.e F_OWN) dataset spatially identifies the primary ownership of forest lands across the province.  The product is intended to support timber supply review (TSR) analysis and other high level resource management planning. The layer SHOULD NOT be used for operational level analysis.

[Click here](https://www.for.gov.bc.ca/ftp/HTS/external/!publish/DataCatalogue_FAIB_Data/forest_cover_ownership/Generalized_Forest_Cover_Ownership_Layer.pdf) for code list.

",Forest Analysis and Inventory Branch,"KML, PDF, WMS, MULTIPLE","forest cover, ownership, veg, vegetation cover",,,False,Access Only,2025-05-11T12:44:26.180360,1,0.65
tantalis-surveyed-right-of-way-parcels,TANTALIS - Surveyed Right-of-way Parcels,"TA_SURVEYED_ROW_PARCELS_SVW contains the spatial representation (polygon) of all parcels of land surveyed for statutory access or Right-of-Way purposes, with active surveys, that are or have been within the purview of the B.C. Crown Land Management program. The view was created to provide a simplified view of this data from the survey parcel information in the Tantalis operational system",Lands Branch,"KML, WMS, MULTIPLE","CLRS, Canada, Crown Land, Crown Land Registry, Crown Tenure, tantalis",,,False,Open Government Licence - British Columbia,2026-03-22T12:46:36.015311,1,0.65
assessment-report-index-system-aris-database,Assessment Report Index System (ARIS) Database,"The British Columbia Geological Survey (BCGS) manages and maintains a library of over 39,600 mineral Assessment Reports. These reports have been filed by the exploration and mining industry since 1947 and describe exploration work costing over 2.8 billion dollars.  The reports contain information on geology, geophysics, geochemistry, drilling, prospecting and physical work.  After a one-year confidentiality period, this information is available for planning mineral exploration investment, resear",BC Geological Survey,"KML, WMS, MULTIPLE","ARIS, assessment reports, digital data, exploration results, geology, index system, mineral deposits, mineral exploration, mineral occurrences, owner and operator, work done",,,False,Access Only,2026-03-21T12:43:35.144886,1,0.645
terrestrial-ecosystem-information-tei-data-distribution-packages,Terrestrial Ecosystem Information (TEI) Data Distribution Packages,"The TEI Data Distribution packages in this folder contain of the full Terrestrial Ecosystem Information (TEI) dataset split into Predictive Ecosystem Mapping (PEM) data and non-PEM data which includes Terrestrial Ecosystem Mapping (TEM), Terrain Mapping (TER), Bioterrain Mapping  (TBT) Terrain Stability Mapping (TSM), Sensitive Ecosystems Inventory (SEI), Soil Mapping (SOIL project boundaries only), and Wildlife Habitat Ratings (WHR project boundaries only) by Natural Resource Sector Region (see",Knowledge Management,OTHER,"British Columbia, Canada, biogeoclimatic, bioterrain, ecology, ecosystem, habitat",,,False,Open Government Licence - British Columbia,2024-10-10T16:48:42.383908,1,0.645
fwcp-columbia-basin-dam-units,FWCP Columbia Basin Dam Units,Units dividing the Columbia Basin in to BC Hydro reservoir-based watersheds,Fish and Wildlife Compensation Program,MULTIPLE,"BC Hydro, Boundaries, Canada, Columbia, Columbia Basin, East Kootenay, FWCP, Fish and Wildlife Compensation Program, Kootenays, North Columbia, Rocky Mountains, Southeast BC, West Kootenay, conservation, dam impact, dam unit, watershed, wildlife",,,False,Open Government Licence - British Columbia,2021-12-10T22:35:24.377161,1,0.645
geology-quaternary-alluvium-and-cover,Geology Quaternary Alluvium and Cover,"Quaternary Alluvium and Cover is a data set that is represented as a cover layer on the maps of MapPlace. It is part of the British Columbia Digital Geology, which is the data source used for the seamless province-wide, up-to-date, and detailed bedrock geology. The bedrock geology integrates all details of compilations from 1:50,000 to 1:250,000. The data is maintained by a geospatial frame data model with techniques used to simplify the integration process and shorten the time frame from field ",BC Geological Survey,"KML, SHP, WMS, MULTIPLE","alluvium, bedrock geology, digital geology, geology, quaternary",,https://catalogue.data.gov.bc.ca/dataset/b3f58ed8-376f-4962-9657-36297a5f41cf/resource/9a40d16e-72e5-4ade-9985-ebd10eeab2ae/download/geologyquaternary2018.zip,False,Access Only,2023-06-29T14:18:34.157270,1,0.64
terrestrial-ecosystem-mapping-tem-detailed-polygons-with-short-attribute-table-spatial-view,Terrestrial Ecosystem Mapping (TEM) Detailed Polygons with Short Attribute Table Spatial View,"STE_TEM_ATTRIBUTE_POLYS_SVW contains Terrestrial Ecosystem Mapping (TEM) polygons with key and amalgamated (concatenated) attributes derived from the RISC (Resource Inventory Standards Committee) standard attributes. TEM divides the landscape into units according to a variety of ecological features including climate, physiography, surficial material, bedrock geology, soils and vegetation. TEM methods include manual air photo interpretation supported by selective field checking. This layer is der",Knowledge Management,"FGDB, XLSX, KML, WMS, MULTIPLE","BGC, Canada, DTEIF, Drainage, PEM, SEI, STE, STEWI, TEIS, TEM, TER, TSM, WHR, biogeoclimatic, bioterrain, bioterrain mapping, describing terrestrial ecosystems, ecology, ecosystem, ecosystem mapping, ecosystem modelling, erosion, landslide, predictive ecosystem mapping, sedimentation, sensitive ecosystem, sensitive ecosystems inventory, slope stability, soil, terrain, terrain and ecosystems, terrain mapping, terrain stability, terrain stability mapping, terrestrial ecosystem mapping, wildlife habitat rating, wildlife inventory",,,False,Open Government Licence - British Columbia,2024-10-07T18:38:34.396745,1,0.64
fossil-collection-events,Fossil Collection Events,"This spatial view contains information about known fossil collection events in British Columbia. Both macrofossils and microfossils are included. This is a point feature dataset that includes fossil collection event details such as a location descriptor, samples collected, significance ranking code, and related publications. The dataset is an inventory of known fossil collection locations from government survey and mapping work, paleontology research, industrial activities, and reports by recrea",Heritage Branch,MULTIPLE,"fossil, fossil location, fossil occurrence, fossil resource, fossil sites, geologic age, geologic time, paleontology, records, stratigraphy",,,False,Access Only,2026-03-21T12:43:45.386879,1,0.64
automated-snow-weather-station-locations,Automated Snow Weather Station Locations,"Locations of automated snow weather stations, active and inactive. Automated snow weather stations are components of the BC snow survey network.  ",Environmental Monitoring and Analysis Branch,"KML, WMS, MULTIPLE","automated snow pillows, automated snow weather stations, climate related monitoring, cryosphere, hydrology, snow, snow survey",,,False,Open Government Licence - British Columbia,2026-03-21T12:41:42.026112,1,0.64
bc-river-lake-and-wetland-polygons-1-2-000-000-digital-baseline-mapping,"BC River, Lake and Wetland Polygons 1:2,000,000  (Digital Baseline Mapping)","Layer containing double line rivers, lakes, reservoirs, swamps, marshes.",GeoBC Branch,"KML, WMS, MULTIPLE","Canada, Drainage, Hydrology, basemap, topographic map",,,False,Open Government Licence - Canada,2023-06-29T14:20:55.512670,1,0.64
tantalis-integrated-survey-areas,TANTALIS - Integrated Survey Areas,An Integrated Survey Area is an administrative area within which a British Columbia Land Surveyor is required to integrate cadastral surveys with a network of control monuments under the Integrated Survey Area. Tantalis is an information system designed specifically for the needs of the complex workings of Crown Land Registry and to provide automated support for all aspects of Crown land administration. It was designed to provide a foundation for integrating spatial data associated with mapping ,Lands Branch,"KML, WMS, MULTIPLE","CLRS, Canada, Crown Land Registry, Crown Lands, tantalis",,,False,Open Government Licence - British Columbia,2026-03-22T12:46:14.565055,1,0.64
ogc-pool-contours-public-version,Oil and Gas Pool Contours (Public Version),Oil and gas pool contours indicate the net pay thickness of the pool within a geologic formation in meters. Contours are created by the Energy Regulator geologists who build the contours using subsurface data such as geophysical logs and core analysis. Net pay contours can be used to calculate volumetric estimates of the reserve,British Columbia Energy Regulator,"KML, WMS, MULTIPLE","BC, BC Energy Regulator, BCER, Energy Regulator, Northeast, OGC, Oil and Gas Commission, contours, oil and gas, pool, pool contours",,,False,Access Only,2026-03-21T12:43:19.442043,1,0.64
tantalis-temporary-transportation,TANTALIS - Temporary Transportation,"A temporary layer containing CLRS surveyed highways, railways and road parcels in the old CDMS format. Transportation layer from which layers such as transportation corridors are extracted.Tantalis is an information system designed specifically for the needs of the complex workings of Crown Land Registry and to provide automated support for all aspects of Crown land administration. It was designed to provide a foundation for integrating spatial data associated with mapping of survey plans and ad",Lands Branch,MULTIPLE,"CLRS, Canada, Crown Land Registry, Crown Lands, tantalis",,,False,Access Only,2026-03-21T12:42:31.660444,1,0.635
broad-ecosystem-inventory-wildlife-habitat-ratings-interpretations-for-mammals,Broad Ecosystem Inventory Wildlife Habitat Ratings Interpretations for Mammals,"The Broad Ecosystem Inventory (BEI) Classification provides broad regional information about the distribution of ecosystems throughout the province and the value of these ecosystems to wildlife. This work is done in order to facilitate the use of wildlife information in broad provincial and regional land and resource planning initiatives. Broad Ecosystem Units are mapped based on imagery of the provincial land base generally captured at a scale of 1:250,000. BEI mapping represents forest conditi",Ecosystems,"ORACLE_SDE, PDF","BEI, Broad Ecosystem Inventory, Ecosystem Classification, Ecosystem Mapping, WHR, Wildlife Habitat Ratings, badger, bison, bobcat, caribou, deer, elk, furbearer, habitat capability, habitat modelling, habitat suitability, lynx, moose, ungulates",,,False,Open Government Licence - British Columbia,2024-02-08T23:20:48.996148,1,0.635
results-forest-cover-reserve,RESULTS - Forest Cover Reserve,"Spatial representation of a reserve of retention area associated with a silvicultural system. Reserves are forest patches or individual trees retained during harvesting, or other forestry operations to provide habitat, scenic, biodiversity, and other values. The reserve types included are Riparian, Wildlife Tree Patches, and Other. This is part of the Silviculture and Land status Tracking dataset, which includes all business processes required to receive and process records from forest licensees","Forest Science, Planning and Practices Branch","KML, WMS, MULTIPLE","Canada, forest cover, reforestation, reserve, riparian, wildlife tree retention",,,False,Open Government Licence - British Columbia,2026-03-21T12:40:05.924999,1,0.635
assessment-report-sourced-surface-sediment-geochemical-sample-arssg-database,Assessment Report-Sourced Surface Sediment Geochemical Sample (ARSSG) database,"This database contains assessment report-source surface sediment geochemical (ARSSG) data (e.g. soil, silt, stream sediment, and till) mainly from the Interior Plateau, and includes location coordinates, sampling parameters and notes, laboratory information, sample preparation methods, and analytical methods. Containing information from about 120 assessment reports, the database includes results from more than 34,000 samples, with 1,446,000 determinations from 13 laboratories. The data are provi",BC Geological Survey,"ZIP, OTHER","ARIS, assessment reports, digitization, gechemical data, mineral assessment reports, sediment geochemistry, soil samples, till samples",,,False,Access Only,2023-08-29T22:02:22.628695,1,0.635
regional-flood-frequency-analysis-station,Regional Flood Frequency Analysis Station,This layer represents Water Survey of Canada (WSC) and United States Geological Survey (USGS) gauge stations that meet the following criteria for inclusion: at least 10 years or data (with 350 or more days of observations) above the low outlier threshold; less than 20% (by basin drainage area) regulation; a corresponding basin polygon dataset (either supplied or delineated) with a area <15% different than the basin area reported by WSC or USGS; full metadata coverage for the basin (e.g. mean ann,Water Management,"CSV, OTHER","ArcGIS Online, Flood, Frequency, Hydrometric, Regional, Streamflow",,,False,Open Government Licence - British Columbia,2025-07-30T21:05:03.605735,1,0.635
7-5m-national-parks-the-atlas-of-canada-base-maps,(7.5M) National Parks - The Atlas of Canada Base Maps,This spatial layer details polygon features that represent National Parks,GeoBC Branch,MULTIPLE,"Alberta, Canada, HYDROLOGY, LAND USE, Manitoba, New Brunswick, Newfoundland And Labrador, North America, Northern Hemisphere, Northwest Territories, Nova Scotia, Nunavut, Ontario, Prince Edward Island, Quebec, Saskatchewan, TRANSPORTATION, boundaries, hydrography, land mass, national parks, planimetry, territorial",,,False,Open Government Licence - Canada,2021-12-10T22:36:24.235817,1,0.635
regional-flood-frequency-analysis-watershed,Regional Flood Frequency Analysis Watershed,This layer represents the watershed areas that report to Water Survey of Canada (WSC) and United States Geological Survey (USGS) gauge stations that meet the following criteria for inclusion: at least 10 years or data (with 350 or more days of observations) above the low outlier threshold; less than 20% (by basin drainage area) regulation; a corresponding basin polygon dataset (either supplied or delineated) with a area <15% different than the basin area reported by WSC or USGS; full metadata co,Water Management,"ZIP, OTHER","ArcGIS Online, Flood, Frequency, Hydrometric, Regional, Streamflow",,,False,Open Government Licence - British Columbia,2025-07-30T21:04:34.586916,1,0.63
resource-exploration-potential,Resource Exploration Potential,Areas outlining prospective resource exploration areas in the Queen Charlotte Basin.,BC Geological Survey,OTHER,"BC Energy Regulator, BCER, Energy Regulator, OGC, Oil and Gas Commission, exploratory, gas, offshore, oil, oil and gas, well",,,False,Access Only,2023-03-31T21:45:43.159554,1,0.63
cciss-western-north-america-bec-tables,CCISS Western North America BEC Tables,"These data tables describe biogeoclimatic units for Western North America. These data were assembled as inputs to the Climate Change Informed Species Selection (CCISS) framework.  

The CCISS framework is built on Biogeoclimatic Ecosystem Classification (BEC). CCISS uses spatial climatic analogs (BEC subzone/variants) to make inferences about future tree species suitability, known as biogeoclimatic projections. Creating species suitability projections for the future climates of British Columbia ",Forest Carbon and Climate Services Branch,"PDF, CSV","Forestry, Future Forest Ecosystems Centre, climate change, climate change adaptation, environmental suitability, ffec, tree species",,,False,Open Government Licence - British Columbia,2025-06-05T20:57:10.352595,1,0.63
borehole-log-lithology,Borehole Log Lithology,"Contains data on lithology, hydraulic conductivity and water levels, taken from borehole logs.

This layer is a point feature.",Authorizations and Remediation,MULTIPLE,"aquifer, aquitard, borehole, cleanup, contaminated, groundwater, groundwater level, hydraulic information, logs, soil description",,,False,Access Only,2026-01-19T23:14:04.366876,1,0.63
terrain-mapping-ter-polygon-attributes,Terrain Mapping (TER) Polygon Attributes,"STE_TER_ATTRIBUTE_POLYS_SVW contains Terrain Mapping (TER) polygons with key and amalgamated (concatenated) attributes derived from the RISC (Resource Inventory Standards Committee) standard attributes. Mapping criteria vary considerably between the terrain inventory, bioterrain and terrain stability mapping projects contained in this layer. TER divides the landscape into units according to surficial materials, landforms and geomorphological processes using the Terrain Classification System for ",Knowledge Management,"XLSX, FGDB, MULTIPLE","BGC, Canada, DTEIF, Drainage, PEM, SEI, STE, STEWI, TEIS, TEM, TER, TSM, WHR, biogeoclimatic, bioterrain, bioterrain mapping, describing terrestrial ecosystems, ecology, ecosystem, ecosystem mapping, ecosystem modelling, erosion, landslide, predictive ecosystem mapping, sedimentation, sensitive ecosystem, sensitive ecosystems inventory, slope stability, soil, terrain, terrain and ecosystems, terrain mapping, terrain stability, terrain stability mapping, terrestrial ecosystem mapping, wildlife habitat rating, wildlife inventory",,,False,Open Government Licence - British Columbia,2024-10-07T18:43:19.161957,1,0.63
property-file-search,Property File Search,"Property File is a collection of over 73,900 documents associated with mineral occurrences, donated by industry or individuals, or collected by British Columbia Geological Survey (BCGS) staff. These documents extend back over 150 years and include unpublished reports, theses, papers, field notes, company prospectuses, correspondence, hand-drawn maps, geology, geochemistry, geophysics, drilling data, claim maps, mine plans and photographs. The Property File Document Search application includes se",BC Geological Survey,OTHER,"drill core records, hand drawn maps, mine plans, mineral, mineral exploration, mining, photos, property file",,,False,Access Only,2023-08-29T21:51:41.348940,1,0.63
tantalis-crown-land-leases,TANTALIS - Crown Land Leases,"TA_CROWN_LEASES_SVW - A Crown Land Lease is a type of land tenure issued under the Land Act. A Land Act Lease is issued where long term tenure is required, where substantial improvements are proposed, and/or where definite boundaries are required in order to avoid land use and property conflicts. The tenure holder is granted the exclusive use and enjoyment of the area. The tenure holder also has the right to exclude or charge the public for use of the land and/or improvements, when this is consi",Lands Branch,"KML, WMS, MULTIPLE","CLRS, Canada, Crown Land, Crown Land Registry, Crown Tenure, tantalis",,,False,Open Government Licence - British Columbia,2026-03-22T12:46:39.541374,1,0.63
water-survey-of-canada-sub-sub-drainage-areas,Water Survey of Canada Sub-Sub-Drainage Areas,"Atlas of Canada 1,000,000 National Frameworks Data, Hydrology - Drainage Areas (WSC sub-sub drainage areas) from the Natural Resources Canada GeoGratis website. The dataset has been clipped to drainage areas within or adjacent to B.C. ",Environmental Monitoring and Analysis Branch,"KML, WMS, MULTIPLE","WSC, basins, drainage areas, drainages, hydrology, water survey of canada, watersheds",,,False,Open Government Licence - Canada,2023-06-29T14:15:40.269908,1,0.625
fossil-sites,Fossil Sites,"Fossil sites in British Columbia consist of polygons based on known fossil collection events in a geographic area. Each area has a descriptive name and the polygon boundaries are updated as new information becomes available. The spatial view contains information about the location, sub-sites, and significance ranking code for the fossil resource potential.

Publicly downloadable data can be found [here](https://catalogue.data.gov.bc.ca/dataset/important-fossil-areas).",Heritage Branch,MULTIPLE,"fossil, fossil resource, fossil site, geology, paleontology, stratigraphy",,,False,Access Only,2026-03-21T12:43:44.841730,1,0.625
wetland-and-riparian-potential-lower-fraser-valley,Wetland and Riparian Potential – Lower Fraser Valley,"The **Wetland and Riparian Potential – Lower Fraser Valley** dataset is a region wide assessment of wetland and riparian potential across British Columbia’s Lower Mainland summarized within a multi-scale [H3 hexagonal grid framework](https://h3geo.org). The mapping can be used to reveal areas most conducive to wetland formation and is classified into four simplified categories: *Water*, *Wetland*, *Upland/Anthropogenic*, and *Potential Wetland*.

The dataset area encompasses the Lower Mainland r",Knowledge Management,"FGDB, PDF, OTHER","Ecosystem Management, Ecosystem Mapping, Fraser Valley, Lower Mainland, Riparian, Wetland",,,False,Access Only,2026-03-13T22:42:48.899725,1,0.625
species-distribution-modeling-and-wildlife-habitat-ratings-project-boundaries,Species Distribution Modeling and Wildlife Habitat Ratings Project Boundaries,"Species Distribution Modeling (SDM) and Wildlife Habitat Ratings (WHR) project boundaries contains (study areas) and attributes describing each project (project level metadata), plus links to the locations of other data associated with the project (e.g. reports, WHR polygon datasets, plotfiles). SDM predicts the suitability of different environments for occupation by particular species, and the likelihood that those suitable habitats are occupied. WHR are also known as wildlife habitat interpret",Knowledge Management,"XLSX, MULTIPLE","BGC, Canada, DTEIF, Drainage, PEM, SEI, STE, STEWI, TEIS, TEM, TER, TSM, WHR, biogeoclimatic, bioterrain, bioterrain mapping, describing terrestrial ecosystems, ecology, ecosystem, ecosystem mapping, ecosystem modelling, landslide, predictive ecosystem mapping, sedimentation, sensitive ecosystem, sensitive ecosystems inventory, slope stability, soil, species distribution modeling, terrain, terrain and ecosystems, terrain mapping, terrain stability, terrain stability mapping, terrestrial ecosystem mapping, wildlife habitat rating, wildlife inventory, wildlife modeling",,,False,Open Government Licence - British Columbia,2024-10-07T18:35:49.382592,1,0.625
geology-faults,Geology Faults,"Geology faults are part of the British Columbia Digital Geology, which is the data source used for the seamless province-wide, up-to-date, and detailed bedrock geology. The bedrock geology integrates all details of compilations from 1:50,000 to 1:250,000. The data is maintained by a geospatial frame data model with techniques used to simplify the integration process and shorten the time frame from field mapping, compilation, integration, to data delivery. Geology faults with the related data set",BC Geological Survey,"KML, SHP, WMS, MULTIPLE","bedrock geology, digital geology, fault, geology faults",,https://catalogue.data.gov.bc.ca/dataset/c94e0c13-5385-49c1-9922-822e10135fc6/resource/7bd13434-31dd-405f-9e21-c7b2f2e01fc3/download/geologyfaults2018.zip,False,Open Government Licence - British Columbia,2023-08-29T22:24:12.029227,1,0.62
soil-mapping-data-packages,Soil Mapping Data Packages,"These Soil Mapping Data Packages include 

1. a Soil Map dataset which includes the equivalents to [Soil Project Boundaries](https://catalogue.data.gov.bc.ca/dataset/soil-mapping-soil-project-boundaries), [Soil Survey Spatial View](https://catalogue.data.gov.bc.ca/dataset/soil-survey-spatial-view) mapping polygons with attributes from the [Soil Name and Layer Files](https://catalogue.data.gov.bc.ca/dataset/soil-name-and-layer-files), plus 
+ A Soil Site dataset which includes soil pit site in",Knowledge Management,"FGDB, KMZ, SHP","BCSIS, Soil pit descriptions, soil, soil capability, soil horizon, soil mapping, soil name, soil pits, soil sites",,http://www.env.gov.bc.ca/esd/distdata/ecosystems/Soil_Data/Soil_Data_Pkgs/,False,Open Government Licence - British Columbia,2026-03-05T20:11:14.737161,1,0.615
aggregate-resource-potential-maps,Aggregate Resource Potential Maps,"An aggregate potential map typically outlines areas of aggregate resource potential as polygons on the map and qualitatively ranks the relative potential of the areas. Rankings assigned are Historic (which represent recent and present producing areas), Primary, Secondary, Tertiary (potential hosts to future aggregate deposits) and Unclassified. The parameters used in the derivation of the rankings, including landform type, quantity of sand versus gravel, volume estimate, thickness of deposit, et",BC Geological Survey,SHP,"aggregate, aggregate resource potential maps, maps, polygons, potential, rank, resource potential",,https://www2.gov.bc.ca/gov/content?id=3403337D5B82490F8F037FEC9FAFD96D,False,Access Only,2022-09-08T21:09:31.946220,1,0.615
regional-geochemical-minematch-anomaly-clusters,Regional Geochemical MineMatch Anomaly Clusters,"Anomaly cluster outlines produced for the British Columbia 'Rocks To Riches' program (2003/2004), Ministry of Energy, Mines and Petroleum Resources. See papers by C.P. Smyth in Geological Fieldwork 2004 and 2005.",BC Geological Survey,OTHER,"MineMatch, RGS, anomaly, clusters, exploration, geochemistry, rocks to riches",,,False,Access Only,2021-09-28T23:47:04.718992,1,0.615
soils-information-finder-tool-sift-map-application,Soils Information Finder Tool (SIFT) Map Application,"The BC Soil Information Finder tool or SIFT is an interactive mapping application that provides easy access to soil survey maps, soil attributes, and agriculture capability mapping in British Columbia. The data comes from the [Soil Survey Spatial View](https://catalogue.data.gov.bc.ca/dataset/20150a67-5a2d-425f-8216-ff0f97f68df9), the [Soil Project Boundaries](https://catalogue.data.gov.bc.ca/dataset/427a0008-bcf8-48eb-b9e8-ef43f390c9ad), the [Soil Name and Layer Files](https://catalogue.data.go",Knowledge Management,OTHER,"AGO, AGOL, ArcGIS Online, BC Soils, SIFT, Soil Survey, TEI, agricultural capability, arcGIS online, interactive map, inventory, soil, soil classification, soils, survey",,,False,Access Only,2026-03-04T19:56:38.987354,1,0.61
terrestrial-ecosystem-mapping-tem-detailed-polygons-with-short-attribute-table-50k-spatial-view,Terrestrial Ecosystem Mapping (TEM) Detailed Polygons with Short Attribute Table - 50k Spatial View,"STE_TEM_50K_POLYS_SVW contains Terrestrial Ecosystem Mapping (TEM) polygons with key and amalgamated (concatenated) attributes derived from the RISC (Resource Inventory Standards Committee) standard attributes completed at a scale of 1 to 50,000 or smaller (i.e. 1 to 100,000). TEM divides the landscape into units according to a variety of ecological features including climate, physiography, surficial material, bedrock geology, soils and vegetation. TEM methods include manual air photo interpreta",Knowledge Management,"FGDB, XLSX, OTHER","BGC, Canada, DTEIF, Drainage, PEM, SEI, STE, STEWI, TEIS, TEM, TER, TSM, WHR, biogeoclimatic, bioterrain, bioterrain mapping, describing terrestrial ecosystems, ecology, ecosystem, ecosystem mapping, ecosystem modelling, erosion, landslide, predictive ecosystem mapping, sedimentation, sensitive ecosystem, sensitive ecosystems inventory, slope stability, soil, terrain, terrain and ecosystems, terrain mapping, terrain stability, terrain stability mapping, terrestrial ecosystem mapping, wildlife habitat rating, wildlife inventory",,,False,Open Government Licence - British Columbia,2024-10-07T18:39:10.349478,1,0.61
canada-b-c-water-quality-monitoring-program-map-data,Canada-B.C. Water Quality Monitoring Program Map Data,"Spatial data layers distributed via the  [Canada-B.C. Water Quality Monitoring Program Interactive Map.]
[Canada-B.C. Water Quality Monitoring Program Interactive Map.]: https://catalogue.data.gov.bc.ca/dataset/cb0a8b28-4d1f-42a9-920f-8b6e6a3e8cb5

The dataset contains ArcGIS Online feature layers, web maps, and web mapping applications of the Canada-B.C. Water Quality Monitoring Program Interactive Map. Overall, the map presents water quality monitoring station metadata including station inf",Environmental Monitoring and Analysis Branch,ARCGIS_REST,"AGO, AGOL, Aquatic Ecosystems, Aquatic Life Quality, ArcGIS Online, Biomonitoring, British Columbia, Canada, Environmental Monitoring, Environmental Reporting, Lakes, Rivers, Trends Analysis, Water Quality, Water Quality Monitoring, freshwater, long-term water quality, water resource management",,,False,Access Only,2024-03-27T22:31:29.909172,1,0.61
bec-map-attribute-catalogue,BEC Map - Attribute Catalogue,"A list of the various 'regional' (zone/subzone/variant/phase) ecological units of the current biogeoclimatic ecosystem classification.  At this 'regional' level, vegetation, soils and topography are used to infer the climate and to identify geographic areas that have relatively uniform climate. These geographic areas are termed biogeoclimatic units. The basic biogeoclimatic unit is the Subzone. These units are grouped into Zones and may be further subdivided into variants based on further refine",Forest Analysis and Inventory Branch,MULTIPLE,"BEC, BGC, BGCDB, Canada, biogeoclimatic ecosystem classification, climate, ecological land classification, vegetation",,,False,Open Government Licence - British Columbia,2026-01-28T13:52:26.723671,1,0.61
broad-ecosystem-inventory-wildlife-habitat-ratings-interpretations-for-birds,Broad Ecosystem Inventory Wildlife Habitat Ratings Interpretations for Birds,"The Broad Ecosystem Inventory (BEI) Classification provides broad regional information about the distribution of ecosystems throughout the province and the value of these ecosystems to wildlife. This is done in order to facilitate the use of wildlife information in broad provincial and regional land and resource planning initiatives. Broad Ecosystem Units are mapped based on imagery of the provincial land base generally captured at a scale of 1:250,000. BEI mapping represents forest conditions f",Ecosystems,"ORACLE_SDE, PDF","BEI, Barrows Goldeneye, Bobolink, Brewers Sparrow, Broad Ecosystem Inventory, Cassins Finch, Columbian Sharp-tailed Grouse, Common Poorwill, Ecosystem Classification, Ecosystem Mapping, Flammulated Owl, Grasshopper Sparrow, Gray Flycatcher, Lark Sparrow, Lewiss Woodpecker, Long-billed Curlew, Long-eared Owl, Mountain Bluebird, Nashville Warbler, Prairie Sharp-tailed Grouse, Pygmy Nuthatch, Rough-legged Hawk, Sage Thrasher, Sharp-Tailed Grouse, Short-eared Owl, Swainsons Hawk, Timberline Sparrow, WHR, Western Bluebird, Western Meadowlark, Western Screech-Owl, Wildlife Habitat Ratings, Williamsons Sapsucker, birds, dry forests, grasslands, habitat capability, habitat modelling, habitat suitability",,,False,Open Government Licence - British Columbia,2024-02-05T18:33:05.842902,1,0.61
7-5m-drainage-polygons-the-atlas-of-canada-base-maps-for-bc,(7.5M) Drainage Polygons  - The Atlas of Canada Base Maps for BC,Features representing rivers and lakes.,GeoBC Branch,"KML, WMS, MULTIPLE","Alberta, Canada, DRAINAGE, ENGLISH, FRENCH, HYDROLOGY, LAND USE, Manitoba, New Brunswick, Newfoundland And Labrador, North America, Northern Hemisphere, Northwest Territories, Nova Scotia, Nunavut, Ontario, Prince Edward Island, Quebec, RIVER, Saskatchewan, TRANSPORTATION, hydrography, national parks, planimetry",,,False,Open Government Licence - Canada,2023-06-29T14:16:34.581180,1,0.61
terrestrial-ecosystem-information-tei-detailed-polygons-with-short-table-attribute-table,Terrestrial Ecosystem Information (TEI) Detailed Polygons with Short Table Attribute Table,"STE_TEI_ATTRIBUTE_POLYS_SP contains Terrestrial Ecosystem Information (TEI) polygons with key and amalgamated (concatenated) attributes derived from the RISC (Resource Inventory Standards Committee) standard attributes. These describe the physical and biological characteristics of ecosystems at a landscape level. TEI currently includes Terrestrial Ecosystem Mapping (TEM), Predictive Ecosystem Mapping (PEM), Sensitive Ecosystems Inventory (SEI), Terrain Mapping (TER) and Soil Mapping (SOIL). Mapp",Knowledge Management,"XLSX, FGDB, MULTIPLE","BGC, Canada, DTEIF, Drainage, PEM, SEI, STE, STEWI, TEIS, TEM, TER, TSM, WHR, biogeoclimatic, bioterrain, bioterrain mapping, describing terrestrial ecosystems, ecology, ecosystem, ecosystem mapping, ecosystem modelling, erosion, landslide, predictive ecosystem mapping, sedimentation, sensitive ecosystem, sensitive ecosystem inventory, slope stability, soil, terrain, terrain and ecosystems, terrain mapping, terrain stability, terrain stability mapping, terrestrial ecosystem mapping, wildlife habitat rating, wildlife inventory",,,False,Open Government Licence - British Columbia,2024-10-07T18:36:48.819383,1,0.61
mineral-potential,Mineral Potential,"A seamless polygon coverage depicting the mineral resource assessment tracts defined during the 1992-1997 Mineral Potential project. The tracts (794) are based on common geologic characteristics and are given a relative rank from 1 to 794( highest) based on the likelihood of discovering new metallic and/or industrial mineral resources. . Several additional regional assessments, such as North Coast, Central Coast, Lillooet and Atlin-Taku, were undertaken from 2002 to 2008. ",BC Geological Survey,"KML, WMS, MULTIPLE","Mineral resource assessment, geologically defined tracts, industrial mineral deposits, metallic mineral deposits, mineral potential, relative rank",,,False,Access Only,2023-08-28T23:52:50.047785,1,0.61
predictive-ecosystem-mapping-pem-detailed-polygons-with-short-attribute-table-spatial-view,Predictive Ecosystem Mapping (PEM) Detailed Polygons with Short Attribute Table Spatial View,"This dataset is not currently available in the BCGW but may be downloaded in geodatabase format.  Please refer to: [Terrestrial Ecosystem Information (TEI) Data Distribution Packages](http://catalogue.data.gov.bc.ca/dataset/terrestrial-ecosystem-information-tei-data-distribution-packages)

PEM_Polygons contains Predictive Ecosystem Mapping polygons with key and amalgamated (concatenated) attributes derived from the RISC (Resource Inventory Standards Committee) standard attributes. PEM uses mod",Knowledge Management,FGDB,"BGC, Canada, DTEIF, Drainage, PEM, SEI, STE, STEWI, TEIS, TEM, TER, TSM, WHR, biogeoclimatic, bioterrain, bioterrain mapping, describing terrestrial ecosystems, ecology, ecosystem, ecosystem mapping, ecosystem modelling, erosion, landslide, predictive ecosystem mapping, sedimentation, sensitive ecosystem, sensitive ecosystems inventory, slope stability, soil, terrain, terrain and ecosystems, terrain mapping, terrain stability, terrain stability mapping, terrestrial ecosystem mapping, wildlife habitat rating, wildlife inventory",,,False,Open Government Licence - British Columbia,2022-01-07T01:17:01.559595,1,0.605
terrestrial-ecosystem-mapping-tem-detailed-polygons-with-short-attribute-table-20k-spatial-view,Terrestrial Ecosystem Mapping (TEM) Detailed Polygons with Short Attribute Table - 20k Spatial View,"STE_TEM_20K_POLYS_SVW contains Terrestrial Ecosystem Mapping (TEM) polygons with key and amalgamated (concatenated) attributes derived from the RISC (Resource Inventory Standards Committee) standard attributes completed at a scale of 1 to 20 000. TEM divides the landscape into units according to a variety of ecological features including climate, physiography, surficial material, bedrock geology, soils and vegetation. TEM methods include manual air photo interpretation supported by selective fie",Knowledge Management,"FGDB, XLSX, OTHER","BGC, Canada, DTEIF, Drainage, PEM, SEI, STE, STEWI, TEIS, TEM, TER, TSM, WHR, biogeoclimatic, bioterrain, bioterrain mapping, describing terrestrial ecosystems, ecology, ecosystem, ecosystem mapping, ecosystem modelling, erosion, landslide, predictive ecosystem mapping, sedimentation, sensitive ecosystem, sensitive ecosystems inventory, slope stability, soil, terrain, terrain and ecosystems, terrain mapping, terrain stability, terrain stability mapping, terrestrial ecosystem mapping, wildlife habitat rating, wildlife inventory",,,False,Open Government Licence - British Columbia,2024-10-07T18:40:12.556619,1,0.605
important-fossil-areas,Important Fossil Areas,"The Important Fossil Areas in British Columbia consist of polygons based on the density of known fossil collection events and fossil sites with important fossil resources, and recognized fossil-bearing stratigraphic units. Each area has a descriptive name and the polygon boundaries are updated as new information becomes available.",Heritage Branch,"KML, WMS, MULTIPLE","fossil, fossil resource, geological layers, important areas, paleontology, stratigraphy",,,False,Access Only,2025-06-23T21:31:24.557044,1,0.605
minfile-production-database,MINFILE Production Database,"MINFILE contains geological, location and economic information on 15,142 metallic, industrial mineral and coal occurrences in British Columbia. The database is used by government, industry and academia for resource management, land-use planning, exploration and research.

Production is linked by the MINFILE Number, and information such as production year. Information on either ore mined (in tonnes) or ore milled (in tonnes) are captured. Commodity production is entered with precious metals quo",BC Geological Survey,"CSV, KML, MULTIPLE, WMS, XLSX","BC metal number, British Columbia place, assay, base metals, commodities, digital data, historic production, industrial and coal deposits, metallic, mineral inventory, mineral occurrence, ore milled, ore mined, past production, precious metals, production, quantity recovered, reserve, resources, tonnes milled, tonnes mined",,,False,Access Only,2026-03-21T12:42:41.403017,1,0.605
trim-water-annotation,TRIM Water Annotation,"Water annotation (e.g. lake and river names, etc.). The TRIM program produces digital maps, which is a collection of coverages to conform with the BC Geographic System layout. TRIM mapping consists of 7,027 mapsheets covering the province of British Columbia at a scale of 1:20 000.",GeoBC Branch,MULTIPLE,"Canada, Drainage, Hydrology, TRIM, annotation, basemap, topographic map",,,False,Access Only,2021-12-10T22:36:39.615557,1,0.605
community-watersheds-restricted-access,Community Watersheds (Restricted Access),"This 1:20,000. scale inventory contains digital maps of community watershed boundaries. The watershed boundaries show the location of watersheds that supply communities with domestic water. These are meant to be used in conjunction with stream network map coverages from TRIM mapping. This view has additional Contact information.",Aquatic Ecosystems,MULTIPLE,"Canada, Hydrology, community watershed, domestic water, drinking water, watershed",,,False,Access Only,2025-05-12T12:40:44.710298,1,0.605
forest-inventory-ground-plot-data-and-interactive-map,Forest Inventory Ground Plot Data and Interactive Map,"The 'Data and Resources' box to the right includes a link to an FTP site where data, and a data dictionary, can be downloaded that provide access to compiled data from the primary ground-sampling programs managed by the Forest Analysis and Inventory Branch (FAIB) as well as a link to and Interactive Mapping App. 

FAIB ground-sampling programs include the Permanent Sample Plots (PSPs) that provide long term growth and yield information to support development and testing of growth-and-yield model",Forest Analysis and Inventory Branch,"HTML, CSV","CMI, FAIB, Forest Monitoring, Ground Plots, Ground Sample Compiler, Monitoring, NFI, PSP, PSPs, VRI, YSM, growth and yield",,,False,Open Government Licence - British Columbia,2025-05-28T21:16:15.486628,1,0.605
indian-reserves-and-band-names-administrative-boundaries,Indian Reserves and Band Names - Administrative Boundaries,"Provide the administrative boundaries (extent) of Canada Lands which includes Indian Reserves. Administrative boundaries were compiled from Legal Surveys Division's cadastral datasets and survey records archived in the Canada Lands Survey Records. See the Natural Resource Canada's GeoGratis website, Aboriginal Lands.

Band Name and Number added from NRCan's Indian Reserves In BC listing",GeoBC Branch,"KML, WMS, MULTIPLE","Band Name, Band Number, Boundaries, Canada Lands, First Nations lands, Indian Reserve, aboriginal lands",,,False,Open Government Licence - Canada,2026-02-27T14:03:16.953582,1,0.605
terrain-mapping-ter-project-boundaries,Terrain Mapping (TER) Project Boundaries,"Terrain Mapping (TER) project boundaries contains (study areas) and attributes describing each project (project level metadata), plus links to the locations of other data associated with the project (e.g., reports, polygon datasets, plotfiles, legends) for terrain inventory, bioterrain and terrain stability mapping projects. TER divides the landscape into units according to surficial materials, landforms and geomorphological processes using the Terrain Classification System for British Columbia.",Knowledge Management,"FGDB, XLSX, KML, WMS, MULTIPLE","Canada, Drainage, STE, TEIS, TER, TSM, bioterrain, environmental sensitivity, erosion, geoenvironmental mapping, geomorphology, glacial drift, landform, landslide, mapping, parent material, quaternary material, quaternary sediment, sedimentation, slope stability, soil, substrate, surficial geology, terrain and ecosystem information system, terrain and ecosystems, terrain hazard, terrain mapping, terrain stability, terrain stability mapping, terrestrial ecosystem mapping",,,False,Open Government Licence - British Columbia,2024-10-07T18:33:14.865745,1,0.605
bc-water-points-1-2-000-000-digital-baseline-mapping,"BC Water Points 1:2,000,000  (Digital Baseline Mapping)","Layer containing symbols for falls, dams, sinkholes, etc.",GeoBC Branch,"KML, WMS, MULTIPLE","Canada, Drainage, Hydrology, basemap, topographic map",,,False,Open Government Licence - Canada,2023-06-29T14:16:41.538222,1,0.6
terrestrial-ecosystem-mapping-tem-detailed-polygons-with-short-attribute-table-greater-than-20k,Terrestrial Ecosystem Mapping (TEM) Detailed Polygons with Short Attribute Table - Greater Than 20k,"TEM_ GT20K contains TEM polygons with key and amalgamated (concatenated) attributes derived from the RISC (Resource Inventory Standards Committee) standard attributes completed at a scale greater than 1:20 000 (i.e. 1:10 000 or 1:5 000). TEM divides the landscape into units according to a variety of ecological features including climate, physiography, surficial material, bedrock geology, soils and vegetation. TEM methods include manual air photo interpretation supported by selective field checki",Knowledge Management,"FGDB, OTHER","BGC, Canada, DTEIF, Drainage, PEM, SEI, STE, STEWI, TEIS, TEM, TER, TSM, WHR, biogeoclimatic, bioterrain, bioterrain mapping, describing terrestrial ecosystems, ecology, ecosystem, ecosystem mapping, ecosystem modelling, erosion, landslide, predictive ecosystem mapping, sedimentation, sensitive ecosystem, sensitive ecosystems inventory, slope stability, soil, terrain, terrain and ecosystems, terrain mapping, terrain stability, terrain stability mapping, terrestrial ecosystem mapping, wildlife habitat rating, wildlife inventory",,,False,Open Government Licence - British Columbia,2024-10-07T18:40:59.031591,1,0.6
clever-model-mapping-application,CLEVER Model Mapping Application,"The CLEVER model is a hydrologic model used by the River Forecast Centre to forecast hydrologic conditions at locations around British Columbia. This mapping application provides mapped output from the CLEVER model 10-Day forecasts against assessed return period flows at Water Survey of Canada locations.

For detailed information on the CLEVER Model, see the Technical Reference Guide.",River Forecast Centre,OTHER,"AGO, BC, British Columbia, CLEVER, Canada, Flood, Hydrology, River Forecast Centre, Water, freshet",,,False,Access Only,2023-02-17T23:28:07.080219,1,0.6
predictive-ecosystem-mapping-pem-project-boundaries,Predictive Ecosystem Mapping (PEM) Project Boundaries,"PEM_Projects contains Predictive Ecosystem Mapping (PEM) project boundaries (study areas) and attributes describing each project (project level metadata), plus links to the locations of other data associated with the project (e.g., reports, polygon datasets, plotfiles, legends). PEM uses modeling to divide the landscape into units according to a variety of ecological features including climate, physiography, surficial material, bedrock geology, soils and vegetation. This layer is derived from th",Knowledge Management,"XLSX, FGDB, MULTIPLE","BGC, Canada, DTEIF, Drainage, PEM, SDM, SEI, STE, STEWI, TEIS, TEM, TER, TSM, WHR, biogeoclimatic, bioterrain, bioterrain mapping, describing terrestrial ecosystems, ecology, ecosystem, ecosystem mapping, ecosystem modelling, erosion, landslide, predictive ecosystem mapping, sedimentation, sensitive ecosystem, sensitive ecosystems inventory, slope stability, soil, species distribution modeling, terrain, terrain and ecosystems, terrain mapping, terrain stability, terrain stability mapping, terrestrial ecosystem mapping, wildlife habitat rating, wildlife inventory",,,False,Open Government Licence - British Columbia,2024-10-07T18:32:30.015092,1,0.6
minfile-mineral-occurrence-database,MINFILE Mineral Occurrence Database,"The mineral occurrence feature depicts a body of rock containing, or thought to contain, ore minerals or potential ore minerals. A geographic location depicts the most significant physical reference point to the mineralization.  MINFILE contains geological, location and economic information on over 16,000 metallic, industrial mineral and coal occurrences in British Columbia. The database is used by government, industry and academia for resource management, land-use planning, exploration and rese",BC Geological Survey,"ZIP, CSV, KML, MULTIPLE, WMS, XLSX","British Columbia place, Industrial Mineral, commodities, digital data, geology, host rock, industrial and coal deposits, metallic, mineral inventory, mineral occurrence, past production, production, reserve, rock types, stratigraphic age",,,False,Access Only,2026-03-21T12:41:32.268881,1,0.6
