relevance,title,notes,formats,tags,,organization,id
1,Till Geochemistry Surveys,Till geochemistry surveys are targeted at regions of high mineral potential where glacial sediments cover and obscure the underlying bedrock. These surveys are conducted in conjunction with surficial geology mapping. British Columbia Geological Survey Open File 2019-04 indexes geographically referen,"csv, pdf","drift prospecting, geochemistry, mineral exploration, regional geochemistry, till, till geochemistry, till surveys",,BC Geological Survey,till-geochemistry-surveys
0,Lake Inventory Surveys,"This spatial layer displays lakes that have had full or partial surveys, and contains information regarding the dates of those surveys and an indication of the data collected on each survey date","kml, wms, multiple","bathymetry, fish habitat, lake survey, water chemistry",,Knowledge Management,lake-inventory-surveys
0,TANTALIS - Surveyed Parcels,TA_SURVEY_PARCELS_SVW Contains the spatial representation (polygon) of all active primary and subdivision parcels of land that are or have been within the purview of the B.C. Crown Land Management program. The view was created to provide a simplified view of this data from the survey parcel informat,"kml, wms, multiple","CLRS, Crown Land Registry, Crown Lands, section, tantalis, township",,Lands Branch,tantalis-surveyed-parcels
1,Soil Survey Spatial View,Soil Survey polygons contain soils spatial and attribute information utilized by the Ministry of Environment online Soil Information Finder Tool ([SIFT](http://www2.gov.bc.ca/gov/content/environment/air-land-water/land/soil-information-finder)). The information pertains to soil survey data in the Pr,"kml, wms, multiple, shp","TEI, inventory, soil, soil classification, soil description, soil drainage, soil horizon, soil inventory, soil map, soil maps, soil name, soil survey, soil texture, soils, soils inventory, soils maps, soils survey, survey",,Knowledge Management,soil-survey-spatial-view
1,TANTALIS - Surveyed Wellsites,Surveyed wellsites under the Petroleum and Natural Gas Act or the Peace River Block in the Dominion Township survey system grid. Tantalis is an information system designed specifically for the needs of the complex workings of Crown Land Registry and to provide automated support for all aspects of Cr,"kml, wms, multiple","CLRS, Canada, Crown Land Registry, Crown Lands, tantalis",,Lands Branch,tantalis-surveyed-wellsites
0,Metadata for BC Demographic Survey,Jun to Oct 2023 - The BC Demographic Survey contains questions that will be used to identify and understand systemic racism in government programs and services and identify where we can do better. Everyone deserves to live in a more equal and fairer BC where we all have opportunities to thrive. BC p,"csv, txt, pdf","ARDA, Demographics, ancestry, anti-racism, culture, ethnicity, race, survey",,Data Innovation Program (DIP),metadata-for-bc-demographic-survey
0,Student Learning Survey (SLS),"The Student Learning Survey (SLS) is an annual province-wide census of Grade 4, 7, 10 and 12 students, their parents, and staff in public schools regarding their school experience.

This extract contains data on the SLS questions and responses from 2016/2017 to 2024/2025 for public school students. ","csv, xlsx, pdf",Student Learning Survey,,Education Analytics Office,student-learning-survey-sls-
1,Regional Geochemical Survey Areas,The joint federal-provincial Regional Geochemical Surveys (RGS) have been carried out in British Columbia since 1976 as part of the National Geochemical Reconnaissance (NGR) program to aid exploration and development of mineral resources. The British Columbia Geological Survey maintains provincial g,"kml, csv, zip, wms","GeoFile, digital data, geochemistry, geology, mineral exploration, mineral potential, regional geochemical survey, stream geochemistry, survey index, water geochemistry",,BC Geological Survey,regional-geochemical-survey-areas
1,Regional Geochemical Lake Surveys,"In parts of British Columbia where topography is subdued, surface drainage is poor and there is an abundance of lakes, lake sediment and water surveys are a valuable exploration tool for delineating regional geochemical patterns and detecting anomalous metal concentrations related to mineral occurre",zip,"RGS, exploration, geochemistry, lake, mineral potential, till surveys",,BC Geological Survey,regional-geochemical-lake-surveys
0,TANTALIS - Surveyed Parcels (Polygons),"REDIRECTED - The resource that this record references is not distributed but is used in the generation of other, more complete and useful spatial views (SVW). For the latest Survey Parcel information please select from the following links:  
[TANTALIS – Surveyed Parcels](http://catalogue.data.gov.b",oracle_sde,"CLRS, Canada, Crown Land Registry, Crown Lands, tantalis",,Lands Branch,tantalis-surveyed-parcels-polygons
1,TANTALIS - Integrated Survey Areas,An Integrated Survey Area is an administrative area within which a British Columbia Land Surveyor is required to integrate cadastral surveys with a network of control monuments under the Integrated Survey Area. Tantalis is an information system designed specifically for the needs of the complex work,"kml, wms, multiple","CLRS, Canada, Crown Land Registry, Crown Lands, tantalis",,Lands Branch,tantalis-integrated-survey-areas
1,Regional Geochemical Survey Data,2020 DATABASE (Excel):  The joint federal-provincial Regional Geochemical Surveys (RGS) have been carried out in British Columbia since 1976 as part of the National Geochemical Reconnaissance (NGR) program to aid exploration and development of mineral resources. The British Columbia Geological Surve,"kml, xlsx, wms","RGS, RGS database, digital data, geochemistry, geology, lake sediment, mineral exploration, mineral potential, moss mat-trapped drainage sediment, regional geochemical survey, regional geochemical survey database, stream geochemistry, stream sediment, water geochemistry",,BC Geological Survey,regional-geochemical-survey-data
1,Soil Survey Project Boundaries,"Soil Survey Project Boundaries (soil mapping study areas) contains the soil survey project area and attributes describing each project (project level metadata), plus links to the locations of other data associated with the project (e.g., soil survey reports, polygon datasets, plotfiles, scanned maps","kml, xlsx, wms, multiple","BGC, Canada, DTEIF, Drainage, PEM, SEI, STE, STEWI, TEI, TEIS, TEM, TER, TSM, WHR, biogeoclimatic, bioterrain, bioterrain mapping, describing terrestrial ecosystems, ecology, ecosystem, ecosystem mapping, ecosystem modelling, erosion, landslide, predictive ecosystem mapping, sedimentation, sensitive ecosystem, sensitive ecosystems inventory, slope stability, soil, terrain, terrain and ecosystems, terrain inventory mapping, terrain mapping, terrain stability, terrain stability mapping, terrestrial ecosystem mapping, wildlife habitat rating, wildlife inventory",,Knowledge Management,soil-survey-project-boundaries
1,Snow Survey Administrative Basin Areas,"Snow survey administrative basin areas, which are components of the BC snow survey network. Basin codes are used as basis of snow survey station names, and for some reporting purposes.","kml, wms, multiple","hydrology, snow, snow survey",,Environmental Monitoring and Analysis Branch,snow-survey-administrative-basin-areas
1,BC Geological Survey Publications Catalogue,"Since its inception in 1895, the British Columbia Geological Survey has created, delivered, and archived geoscience data. The British Columbia Geological Survey (BCGS) Publications Catalogue is an index of over 5580 publications, articles and databases of the BCGS, Petroleum Geoscience, and Geoscien","csv, html","Annual Reports, Bulletins, CGKN, Databases, Exploration in B.C., GeoFile, Geology, Geoscience Maps, Information Circulars, Maps, Mineral Exploration Review, Mineral Potential Maps, Papers, Preliminary Maps, Surficial geology, bedrock geology, geoscience data, open file",,BC Geological Survey,bc-geological-survey-publications-catalogue
1,Archive Manual Snow Survey Data,This data file contains the archived snow pack level manual observations from across British Columbia. Manual snow survey sites are actively surveyed as part of the [BC Snow Survey program](http://bcrfc.env.gov.bc.ca/). Manual snow surveys are conducted up to eight times per year around the beginnin,csv,"manual survey, monitoring, snow, snow observation network",,Environmental Monitoring and Analysis Branch,archive-manual-snow-survey-data
1,"Surveyed Railways, Highways and Roads","This geographic dataset is made up of polygons which depict the surveyed boundaries of Railways, Highways and Roads over Crown land. The shapes are constructed from official survey plans and are maintained in the Crown Land Registry (Tantalis). Attributes include the survey plan number.","kml, wms, multiple","Highways, Railways, Roads, surveys",,Lands Branch,surveyed-railways-highways-and-roads
0,BC Schools - Satisfaction Survey - Consolidated,"Consolidated Satisfaction Survey questions and responses from 2001/2002 - 2015/2016 for all topics, grades and audiences (students, parents, teachers). Questions and responses that do not fit the Likert Scale model can be found here: http://catalogue.data.gov.bc.ca/dataset/bc-schools-satisfaction-su","csv, xlsx","annual survey, parents, satisfaction survey, schools, student, teacher",,Education Analytics Office,bc-schools-satisfaction-survey-consolidated
,Bee survey and production statistics,"The B.C. Government releases annual summary reports after surveying beekeepers for the farm gate value for the crop year of their sales of wax, pollen, bee stock, pollination and honey.",csv,"Bee Production, Income, Yield, market value, pollination, price, sale",,Corporate Policy and Priorities,bee-survey-and-production-statistics
1,Manual Snow Survey Site Locations,Manual snow survey (active & inactive) locations as part of the BC Snow Survey program. ,"kml, wms, multiple","hydrology, snow, snow survey",,Environmental Monitoring and Analysis Branch,manual-snow-survey-locations
1,Bathymetric Maps of Surveyed Lakes,"Lakes represented in this layer are those which have georeferenced digital bathymetric (depth) data available for them. 
Each lake depicted in this bathymetric map layer has been digitized and georeferenced and has intelligent contour polygons created for it.  These polygons depict contour depths -","kml, wms, multiple","bathymetric, bathymetry, depth contours, depth sounding, lake map, lake morphology, lake morphometrics",,Knowledge Management,bathymetric-maps-of-surveyed-lakes
0,2025 BC Cannabis Use Survey Data Tables,"Aggregate-level data tables from the 2025 BC Cannabis Use Survey. The 2025 survey is the third iteration of the BC Cannabis Use Survey, following surveys in 2018 and 2021. The survey includes responses from people across B.C. on cannabis-related behaviours and perceptions, such as the prevalence of ",xlsx,"cannabis, health, impaired driving, research, substance use, survey",,Liquor and Cannabis Regulation,2025-bc-cannabis-use-survey-data-tables
0,BC Demographic Survey: DIP Data Linkage Rates,"The BC Demographic Survey: DIP Linkage Rates resources provide information on data linkage between the 2023 BC Demographic Survey and other available datasets in the Data Innovation Program (DIP). Overall linkage rates are provided for each DIP administrative dataset, which indicate the percentage o","csv, pdf","ARDA, BC Demographic Survey, Data Innovation Program, anti-racism, linkage, survey",,BC Stats,bc-demographic-survey-dip-data-linkage-rates
0,Data Literacy Program Needs Assessment Survey Results,The data literacy program put out a survey to assess the current level of data literacy across the BC Public Service. The nine survey questions identified perceived and expressed needs to support data skills development.  The survey was posted on an internal government web page of the Digital Platfo,"csv, txt, pdf","data, data literacy, learning, survey",,BC Stats,data-literacy-program-needs-assessment-survey-results
0,Canadian Survey on Disability (CSD) 2022,"Dataset excerpt from the Canadian Survey on Disability (CSD) provided by Statistics Canada. The data in this table have additional details compared to datasets available on the Statistics Canada website. All data provided is on an annual basis for reference year 2022.

Source: Statistics Canada, Can",xlsx,"CSD, Canadian Survey on Disability, after-tax income, disability, disability status, gender, income, median income",,BC Stats,canadian-survey-on-disability-csd-2022
1,TANTALIS - Surveyed Right-of-way Parcels,"TA_SURVEYED_ROW_PARCELS_SVW contains the spatial representation (polygon) of all parcels of land surveyed for statutory access or Right-of-Way purposes, with active surveys, that are or have been within the purview of the B.C. Crown Land Management program. The view was created to provide a simplifi","kml, wms, multiple","CLRS, Canada, Crown Land, Crown Land Registry, Crown Tenure, tantalis",,Lands Branch,tantalis-surveyed-right-of-way-parcels
1,Current Season Manual Snow Survey Data,This data file contains the current year (December to April) snow pack level manual observations from across British Columbia. Manual snow survey sites are actively surveyed as part of the [BC Snow Survey program](http://bcrfc.env.gov.bc.ca/). Manual snow surveys are conducted up to eight times per ,csv,"manual survey, monitoring, snow, snow observation network",,Environmental Monitoring and Analysis Branch,current-season-manual-snow-survey-data
1,Oil and Gas Well Directional Survey,"A line connecting the surface hole location and the bottom hole location of an oil or gas well.  The line does not represent the actual well bore, but instead shows the shortest distance between the two points","kml, wms, multiple","BC, BC Energy Regulator, BCER, Energy Regulator, Northeast, OGC, Oil and Gas Commission, bottom hole, directional drill, directional survey, drilling event, oil and gas, surface hole, well",,British Columbia Energy Regulator,well-directional-survey
1,Wildlife Species Inventory - Survey Observations - All,A wildlife observation is an encounter with the focal species (taxa) or its sign. An observation is made when a surveyor makes a visit to a sampling location (Design Component) on a specific date at a specific time. Each observation may be geo-referenced in itself or simply by association with a spe,multiple,"SPI, WSI, survey observations",,Knowledge Management,wildlife-species-inventory-survey-observations-all
0,Radar survey locations for Murrelet study,Radar survey locations for Murrelet study,oracle_sde,"Coast Region, MAMU, Nanaimo, Vancouver Island Region",,"Fish, Wildlife and Habitat Management",radar-survey-locations-for-murrelet-study
0,"Aerial survey: Large Mammals, 1994 - 1997",Aerial survey of large Mammals in the East Kootenay from 1994 - 1997.,oracle_sde,"Bighorn Sheep, Canada, Columbia Basin, East Kootenay, Kootenays, Large Mammals, Rocky Mountain Elk, Rocky Mountains, White tailed Deer, biology, coyote, gray wolf, moose, mountain goat, mule deer, terrestrial mammal",,Fish and Wildlife Compensation Program,aerial-survey-large-mammals-1994-1997
1,Survey Results of Developmental Students by Program Grouping,"Results of the Developmental Student Outcomes Survey regarding student satisfaction, usefulness of skills and employment outcomes. Data available by program grouping. Aggregation of results from surveys 2012, 2013 and 2014.","csv, xlsx","CIP, ESL, English as a second language, adult basic education, college, development, education, employment, institution, outcomes, post secondary, satisfaction, skills, student, survey, university",,Research and Analysis,survey-results-of-developmental-students-by-program-grouping
0,Survey Results of Baccalaureate Graduates by Program Cluster,"Results of the B.C. Baccalaureate Graduate Survey regarding student satisfaction, usefulness of skills and graduate employment outcomes. Data available by program cluster. Aggregation of results from surveys 2022, 2023 and 2024.","csv, xlsx","BGS, CIP, bachelor, college, education, employment, graduate, institution, outcomes, post secondary, satisfaction, skills, student, survey, university",,Research and Analysis,survey-results-of-baccalaureate-graduates-by-program-cluster
0,BC Public Service Work Environment Survey: Ministry Results,This Excel workbook contains results from the BC Public Service Work Environment Survey dating back to 2013. The survey is administered biennially (every 2 years) to all active employees in the BC Public Service that are under the Public Service Act. All closed-ended survey questions are included in,"csv, xlsx","BC Stats, PSA, WES, driver, employee engagement, survey, work environment, workplace",,BC Stats,bc-public-service-work-environment-survey-ministry-results
0,Hunter Sample Survey Estimates 1976 to 2023,"The Hunter Sample (HS) Survey Estimates annual dataset provides a summary of resident hunting activity (general open season and limited entry hunting) based on the Hunter Sample Survey. The data is summarized by year and species, and is presented at the [Wildlife Management Unit (WMU)](https://catal","csv, xlsx","Wildlife, Wildlife Management Unit, big game, harvest questionnaire, hunter survey, hunting, hunting opportunity",,Wildlife,hunter-sample-survey-estimates-1976-to-2023
0,BC Schools - Satisfaction Survey - Consolidated (Alternate Responses),"Consolidated Satisfaction Survey dataset for alternate response items from 2001/2002 - 2015/2016. Includes all topics, grades and audiences (students, parents, teachers). These questions are formatted differently than the standard Likert model so cannot be integrated into the same dataset. Likert re","csv, xlsx","annual survey, education, parents, satisfaction survey, schools, students, teachers",,Education Analytics Office,bc-schools-satisfaction-survey-consolidated-alternate-responses-
0,Search BC Post-Secondary Student Survey Results,"What do former students say about their programs of study? Were they satisfied with their education? How many found jobs? How many went back to school? Use this reporting tool to search for former students' responses to the BC Diploma, Associate Degree, and Certificate Student Outcomes (DACSO) Surve",other,"apprenticeship, associate degree, certificate, diploma, employment outcome, further education, labour market participation, post secondary program evaluations, post secondary students, satisfaction with education, student outcome survey",,Research and Analysis,search-bc-post-secondary-student-survey-results
1,Wildlife Species Inventory - Survey Summary - Publicly Available,This spatial view contains the Province of British Columbia’s publicly available summary data from wildlife surveys stored in the Species Inventory (SPI) database. Survey Summary data are summaries of observation data in specific geographic areas. This dataset consists of polygons outlining the geog,multiple,"Caribou, Elk, Moose, Mule Deer, Population Density, SPI, WSI, White-tailed Deer, Wildlife, Wildlife Management, area summary, population count, population estimate, public, results by area, sex-ratio, survey summary, ungulate, wildlife inventory, wildlife population, wildlife survey",,Knowledge Management,wildlife-species-inventory-survey-summary-publicly-available
0,Moose and Caribou SRB Surveys - Skeena Region,Moose and Caribou Stratified Random Block Surveys in the Skeena Region (qmsu_r6).,oracle_sde,"Northern Interior Region Skeena, R6, SKE, Smithers, ungulate",,Regional Operations - Skeena,moose-and-caribou-srb-surveys-skeena-region
1,Wildlife Species Inventory - Survey Observations - Publicly Available,A wildlife observation is an encounter with the focal species (taxa) or its sign. An observation is made when a surveyor makes a visit to a Design Component on a specific date at a specific time. Each observation may be geo-referenced in itself or simply by association with a specific Design Compone,"kml, wms, multiple","SPI, WSI, species inventory, wildlife inventory, wildlife observations, wildlife species inventory, wildlife surveys",,Knowledge Management,wildlife-species-inventory-survey-observations-publicly-available
1,Wildlife Species Inventory - Survey Observations - Ungulates - All,"This dataset contains the Province of British Columbia’s ungulate survey observations originating from the Species Inventory (SPI) database, including both secured and publicly available point locations. An observation is made when a surveyor makes a visit to a Design Component (block, transect, sam",multiple,"Bighorn Sheep, Bison, Caribou, Deer, Elk, Moose, Mountain Goat, Mule Deer, SPI, Sheep, Species, Survey, Thinhorn Sheep, WSI, WSI Surveys, White-tailed Deer, Wildlife, Wildlife Management, Wildlife Observations, observations, ungulate, wildlife inventory, wildlife species inventory",,Knowledge Management,wildlife-species-inventory-survey-observations-ungulates-all
1,Wildlife Habitat Features - Survey Observations - Publicly Available,A “wildlife habitat feature” is defined as a feature used by one or more wildlife species to meet their life history requirements. A wildlife survey observation is an encounter with the focal species (taxa) or its sign. An observation is made when a surveyor makes a visit to a Design Component on a ,"kml, wms, multiple","FRPA, SPI, WSI, WSI Surveys, Wildlife Habitat Features, feature observations, habitat feature, species inventory, wildlife feature, wildlife feature observation, wildlife habitat, wildlife inventory, wildlife species inventory, wildlife survey",,Knowledge Management,wildlife-habitat-features-survey-observations-publicly-available
0,PICES Tsunami Debris Aerial Photo Survey Map,"PICES Tsunami Debris Aerial Photo Survey is a publicly accessible web map developed for the Ministry of Environment that provides an assessment of tsunami debris using data and tagged photos provided by PICES, the North Pacific Marine Sciences Organization. Funding was provided by the Government of ",other,"MapHub, bc, coastal, tsunami debris",,Environmental Protection Division,pices-tsunami-debris-aerial-photo-survey-map
1,Wildlife Species Inventory - Survey Observations - Mineral Licks,"**This dataset is archaic and has been targeted for deprecation. Please contact SPI_Mail@gov.bc.ca for the most up to date data for mineral licks in BC.**

Wildlife mineral lick observations in the Peace Region. An observation is made when a surveyor makes a visit to a sampling location (Design Comp",oracle_sde,"BC Energy Regulator, BCER, Energy Regulator, OGC, Oil and Gas Commission, SPI, WSI, mineral lick, oil and gas, survey observations",,Knowledge Management,wildlife-species-inventory-survey-observations-mineral-licks
0,Limited Entry Hunting Survey Estimates 1984 to 2024,"The Limited Entry Hunting (LEH) Survey Estimates dataset provides a summary of LEH hunting activity based on the LEH survey. The data is summarized by year, species, and [LEH hunt code](https://catalogue.data.gov.bc.ca/dataset/50555048-1ab7-4f50-bb4a-8b8142f0cba5) and is presented at the [LEH Hunt A","csv, xlsx","LEH, LEH zone, Wildlife, big game, harvest questionnaire, hunter survey, hunting, hunting opportunity, limited entry hunt",,Wildlife,limited-entry-hunting-survey-estimates-1984-to-2024
0,Hunter Sample Moose Survey Estimates 1976 to 2023,The Hunter Sample (HS) Moose Survey Estimates annual dataset provides a summary of resident moose hunting activity (general open season and limited entry hunting) based on the Hunter Sample Survey. The data is summarized by year and is presented at the [Wildlife Management Unit (WMU)](https://catalo,"csv, xlsx","Wildlife, Wildlife Management Unit, big game, harvest questionnaire, hunter survey, hunting, hunting opportunity",,Wildlife,hunter-sample-moose-survey-estimates-1976-to-2023
0,Survey of Perception of Police in BC 2012,Results from the 2012 Survey of British Columbia's perceptions of police.,csv,"confidence, police, reporting crime, victimization",,Policing and Security,survey-of-perception-of-police-in-bc-2012
1,Wildlife Species Inventory - Masked Survey Observations - Publicly Available,"A wildlife observation is made when a surveyor makes a visit to a Design Component (block, transect, sample station) on a specific date at a specific time and enumerates the target species or its sign. Observations may result from various survey methodologies, such as stratified random block, distan",multiple,"Bighorn Sheep, Caribou, Mountain Goat, SPI, Species at Risk, Spotted Owl, Thinhorn Sheep, WSI, Wildlife, Wildlife Management, bats, peregrine falcon, public, snake, wildlife inventory, wildlife species inventory",,Knowledge Management,wildlife-species-inventory-masked-survey-observations-publicly-available
1,Wildlife Species Inventory - Survey Observations - Ungulates - Publicly Available,"This dataset contains the Province of British Columbia’s ungulate survey observations originating from the Species Inventory (SPI) database, including both secured and publicly available point locations. An observation is made when a surveyor makes a visit to a Design Component (block, transect, sam","kml, wms, multiple","Bighorn Sheep, Bison, Caribou, Deer, Elk, Moose, Mountain Goat, Mule Deer, SPI, Sheep, Species, Survey, Thinhorn Sheep, WSI, WSI Surveys, White-tailed Deer, Wildlife, Wildlife Management, Wildlife Observations, observations, public, ungulate, wildlife inventory, wildlife species inventory",,Knowledge Management,wildlife-species-inventory-survey-observations-ungulates-publicly-available
1,Summer Limnology Survey Sites for the Cariboo Region,Lake summer survey sites in the Cariboo Region,multiple,"BC, Canada, Cariboo, Williams Lake, inlet locations, lake, summer lake survey",,Regional Operations - Cariboo,summer-limnology-survey-sites-for-the-cariboo-region
0,North Cowichan Cadastral,"Cadastral dataset containing; parcels, parcel plus (addressing), easements & covenants, Section/Range/Land District, Strata parcels, and the North Cowichan boundary.

Parcels - Property Boundaries
Strata Parcels - Strata property boundaries (bare land, apartments, town homes)
Parcels Plus - Civic ad","csv, gpkg, kmz, fgdb, other, shp","BOUNDARY, Parcel, address, cadastral, easement, strata",,Municipality of North Cowichan,north-cowichan-cadastral
1,OnLine Cadastre,"DataBC-hosted web mapping application for Lands Branch - Ministry of Forests, Lands, Natural Resource Operations.  It includes integrated cadastral fabric data as well as many other related layers.
",other,"IMF, cadastral, land, title",,Lands Branch,online-cadastre
0,Cadastral Polygons from Host Municipalities,Cadastral Polygons - from host municipalities for 2010 Olympic Games,oracle_sde,missing kw,,GeoBC Branch,cadastral-polygons-from-host-municipalities
0,City of Abbotsford Cadastre - Agricultural Use,cadastral layer for Township of Abbotsford,oracle_sde,"Land Use, Lower Mainland Region, Surrey, farm land, inventory, management, natural resource, planning",,GeoBC – Geospatial Services,city-of-abbotsford-cadastre-agricultural-use
1,City of Surrey Cadastre - Agricultural Use,cadastral layer for City of Surrey,oracle_sde,"Land Use, Lower Mainland Region, Surrey, farm land, inventory, management, natural resource, planning",,GeoBC – Geospatial Services,city-of-surrey-cadastre-agricultural-use
1,"Township of Langley, Cadastre - Agricultural Use","Cadastral layer for Township of Langley, agricultual use.",oracle_sde,"Land Use, Lower Mainland Region, Surrey, farm, inventory, management, natural resource, planning",,GeoBC – Geospatial Services,township-of-langley-cadastre-agricultural-use
1,North Cowichan Open Data Package,"The Open Data Package contains North Cowichan owned datasets; [cadastral](https://catalogue.data.gov.bc.ca/dataset/17d1b2cf-2f7e-4928-b337-6768e286a852), [development](https://catalogue.data.gov.bc.ca/dataset/9c0a3504-5b82-4de7-ae81-f4308b0c699e), [parks](https://catalogue.data.gov.bc.ca/dataset/c9f","kml, gpkg, fgdb, other","Recreation, cadastral, development, planimetry, rooflines, sanitary, storm, water features, water network, zoning",,Municipality of North Cowichan,north-cowichan-open-data-package
0,North Cowichan Electrical,"Electrical dataset containing solar power pedestrian crosswalks and streetlights within the Municipality of North Cowichan.

This data may only be used under the terms of the [Open Government Licence - Municipality of North Cowichan](http://www.northcowichan.ca/ogl).  You are encouraged to contact t","csv, gpkg, kmz, fgdb, other, shp","BOUNDARY, Electrical, Parcel, address, cadastral, crosswalk, easement, strata, streetlight",,Municipality of North Cowichan,north-cowichan-electrical
0,North Cowichan Zoning,Zoning parcels show permitted land use according to zoning bylaws and are updated during rezoning processes/bylaw updates. Zoning codes/descriptions can be found under the Development Services Department at the Municipality of North Cowichan website (https://www.northcowichan.ca/EN/main/departments/,"csv, gpkg, kmz, fgdb, other, shp","BOUNDARY, Parcel, address, cadastral, easement, strata",,Municipality of North Cowichan,north-cowichan-zoning
1,NGO Conservation Areas - Fee Simple,The __NGO Conservation Areas - Fee Simple__ dataset contains spatial and attribute information for non-governmental organization (NGO) conservation areas in BC. Fee simple NGO conservation areas are private conservation lands owned by non-government organizations and managed for wildlife habitat con,"kml, pdf, wms, multiple","Canadian Wildlife Service, Ducks Unlimited Canada, Land Trust Alliance of British Columbia, NGO, Nature Conservancy of Canada, Nature Trust of British Columbia, conservation, conservation area, conservation land, non-governmental organization",,GeoBC Branch,ngo-conservation-areas-fee-simple
0,BC Assessment Parcel Fabric,Parcel polygon boundaries for properties recorded in the BC Assessment systems.,oracle_sde,"BC Assessment, Cadastre, ICIS, PID, Parcel Polygons",,Data Systems and Services (DataBC),bc-assessment-parcel-fabric
1,Generalized Forest Cover Ownership,The Generalized Forest Cover Ownership (i.e F_OWN) dataset spatially identifies the primary ownership of forest lands across the province.  The product is intended to support timber supply review (TSR) analysis and other high level resource management planning. The layer SHOULD NOT be used for opera,"kml, pdf, wms, multiple","forest cover, ownership, veg, vegetation cover",,Forest Analysis and Inventory Branch,generalized-forest-cover-ownership
1,National Parks of Canada within British Columbia,This dataset provides the administrative boundaries of National Parks and National Park Reserves within the province of British Columbia.  Administrative boundaries were compiled from Legal Surveys Division's cadastral datasets and survey records archived in the Canada Lands Survey Records.  Canada ,"kml, wms, multiple","Boundaries, CLAB, Canada Lands, Federal Parks, Marine Parks, National Parks, National Parks of Canada, Protected Areas",,GeoBC Branch,national-parks-of-canada-within-british-columbia
0,ParcelMap BC Parcel Fabric,"ParcelMap BC is the current, complete and trusted mapped representation of titled and Crown land parcels across British Columbia, considered to be the point of truth for the graphical representation of property boundaries. It is not the authoritative source for the legal property boundary or related","arcgis_rest, kml, fgdb, wms, multiple","Cadastre, Crown Land, ICF, Integrated Cadastral Fabric, Interest Parcels, LTSA, Land Ownership, Land Use, Parcels, Private Land, Survey Parcels, Title",,Data Systems and Services (DataBC),parcelmap-bc-parcel-fabric
0,ParcelMap BC Parcel Fabric - Fully Attributed,"ParcelMap BC is the current, complete and trusted mapped representation of titled and Crown land parcels across British Columbia, considered to be the point of truth for the graphical representation of property boundaries. It is not the authoritative source for the legal property boundary or related",multiple,"Cadastre, Crown Land, ICF, Integrated Cadastral Fabric, Interest Parcels, LTSA, Land Ownership, Land Use, Parcels, Private Land, Survey Parcels, Title",,Data Systems and Services (DataBC),parcelmap-bc-parcel-fabric-fully-attributed
0,ParcelMap BC Parcel Polygons,"ParcelMap BC is the current, complete and trusted mapped representation of titled and Crown land parcels across British Columbia, considered to be the point of truth for the graphical representation of property boundaries. It is not the authoritative source for the legal property boundary or related","kml, fgdb, oracle_sde, wms","Cadastre, Crown Land, ICF, Integrated Cadastral Fabric, Interest Parcels, LTSA, Land Ownership, Land Use, Parcel Polygons, Parcels, Private Land, Survey Parcels, Title",,Data Systems and Services (DataBC),parcelmap-bc-parcel-polygons-ogl
0,ParcelMap BC Parcel Points,"ParcelMap BC is the current, complete and trusted mapped representation of titled and Crown land parcels across British Columbia, considered to be the point of truth for the graphical representation of property boundaries. It is not the authoritative source for the legal property boundary or related",multiple,"Cadastre, Crown Land, ICF, Integrated Cadastral Fabric, Interest Parcels, LTSA, Land Ownership, Land Use, Parcel Point, Parcels, Private Land, Survey Parcels, Title",,Data Systems and Services (DataBC),parcelmap-bc-parcel-points
0,TANTALIS - Land Districts,TA_LAND_DISTRICTS_SVW contains the spatial representation (polygon) of the current extent of the administrative areas defined under Section 2 of the Land Act as Land Districts. The was created to provide a simplified view of this data from the administrative boundaries information in the Tantalis op,"kml, wms, multiple","CLRS, Canada, Crown Land, Crown Land Registry, Crown Tenure, tantalis",,Lands Branch,tantalis-land-districts
1,TANTALIS - Crown Land Leases,"TA_CROWN_LEASES_SVW - A Crown Land Lease is a type of land tenure issued under the Land Act. A Land Act Lease is issued where long term tenure is required, where substantial improvements are proposed, and/or where definite boundaries are required in order to avoid land use and property conflicts. Th","kml, wms, multiple","CLRS, Canada, Crown Land, Crown Land Registry, Crown Tenure, tantalis",,Lands Branch,tantalis-crown-land-leases
0,Harvesting Hauling Authority,"Information about the hauling permission for a timber tenure. For some Road Permits and Licences to Cut, no hauling permission is granted.",multiple,"Canada, FTA, cut permit, forest, forest tenure, harvest",,Forest Tenures Branch,harvesting-hauling-authority
1,ParcelMap BC Parcel Polygons - Fully Attributed,"ParcelMap BC is the current, complete and trusted mapped representation of titled and Crown land parcels across British Columbia, considered to be the point of truth for the graphical representation of property boundaries. It is not the authoritative source for the legal property boundary or related",multiple,"Cadastre, Crown Land, ICF, Integrated Cadastral Fabric, Interest Parcels, LTSA, Land Ownership, Land Use, Parcel Polygons, Parcels, Private Land, Survey Parcels, Title",,Data Systems and Services (DataBC),parcelmap-bc-parcel-polygons-fully-attributed
0,Forest Tenure Communication Site Polygon,DEPRECATED - The resource(s) that this record refers is obsolete and may be scheduled for retirement. Please see the Replacement Record reference in the Data Currency / Update section.,oracle_sde,"Canada, FTA, communication site polygon, deprecated, forest, forest tenure, obsolete",,Forest Tenures Branch,forest-tenure-communication-site-polygon
1,Forest Tenure Timber Licence Remaining,A spatial representation of the Map Blocks for Timber Licences after the elimination for that Map Block (if one exists) has been removed from the Map Block. Only active Map Blocks are included in this view,multiple,"Canada, FTA, forest, forest tenure, timber licence",,Forest Tenures Branch,forest-tenure-timber-licence-remaining
0,ParcelMap BC - Plans,"ParcelMap BC is the current, complete and trusted mapped representation of titled and Crown land parcels across British Columbia, considered to be the point of truth for the graphical representation of property boundaries. It is not the authoritative source for the legal property boundary or related",multiple,"Cadastre, ICF, LTSA, Land Ownership, Parcels, Plans, Survey",,Data Systems and Services (DataBC),parcelmap-bc-plans
1,ALR Property and Map Finder,"The ALR Property and Map Finder can be used to determine if a property is within the Agricultural Land Reserve (ALR). You can search by civic address or by a Parcel Identifier (PID = 9-digit number) found on a Certificate of Title. You can also view and download pdf versions of the 1:20,000 ALR maps",other,"ALR Boundary, Agricultural Land Commission, Agricultural Land Reserve, cadastre, classification, designation, lot lines, property, property line",,Agricultural Land Commission,alr-property-and-map-finder
1,CRIMS (Coastal Resource Information Management System) Data Base Maps,"A Province-wide series of 1:20 000 georeferenced maps showing various themes of CRIMS data.  The maps cover the entire coastline of British Columbia.  Maps are derived from CRIMS and TRIM datasets and are available for download in geospatial .pdf format.

Each mapsheet was produced by the Base Map",other,"CRIMS, Coastal, Coastal Resource Information Management System, PDF, TRIM, basemap",,GeoBC Branch,crims-coastal-resource-information-management-system-data-base-maps
0,ParcelMap BC - Common Ownership Cross Reference Table,"ParcelMap BC is the current, complete and trusted mapped representation of titled and Crown land parcels across British Columbia, considered to be the point of truth for the graphical representation of property boundaries. It is not the authoritative source for the legal property boundary or related",multiple,"Cadastre, Common Ownership, ICF, LTSA, Land Ownership, Ownership, Parcels, Plans, Survey",,Data Systems and Services (DataBC),parcelmap-bc-common-ownership-cross-reference-table
0,ParcelMap BC - Shared Geometry Cross Reference Table,"ParcelMap BC is the current, complete and trusted mapped representation of titled and Crown land parcels across British Columbia, considered to be the point of truth for the graphical representation of property boundaries. It is not the authoritative source for the legal property boundary or related",multiple,"Cadastre, ICF, LTSA, Land Ownership, PID, Parcels, Plans, Strata",,Data Systems and Services (DataBC),parcelmap-bc-shared-geometry-cross-reference-table
0,Forest Tenure Road Section Polygon,"The spatial representation of the road sections within an RP - Road Permit, FSR -
Forest Service Road, or SUP - Special Use Permit road. The geometry is a buffered
polygon of the centre line of the road section. This layer is intended to be used for
mapping purposes only to show the area of the r",oracle_sde,"Canada, FTA, Roads, forest, forest tenure",,Forest Tenures Branch,forest-tenure-road-section-polygon
1,Forest Tenure Map Notation Point,This is a spatial layer showing Ministry of Forests Map Notation Points.  These are the the point spatial representation for a notation on the Forest Atlas which records the area of interest of other government agencies and individuals,"wms, multiple","Canada, FTA, forest, forest tenure, map notation",,Forest Tenures Branch,forest-tenure-map-notation-point
1,FTEN MAP NOTATION POLY SVW,"DEPRECATED - This is a spatial layer showing Ministry of Forests Map Notation Polygons.  These are polygonal spatial representation for a notation on the Forest Atlas which records the area of interest of other government agencies and individuals.

Superseded by: [WHSE_FOREST_TENURE.FTEN_MAP_NOTAT",oracle_sde,"Canada, FTA, forest, forest tenure, map notation",,Forest Tenures Branch,ften-map-notation-poly-svw
0,Forest Tenure Timber Licence,A spatial representation of the Map Blocks for Timber Licences,"kml, wms, multiple","Canada, FTA, forest, forest tenure, timber licence",,Forest Tenures Branch,forest-tenure-timber-licence
1,"Recreation Sites, Reserves, and Interpretive Forests Details and Closures - Fully Attributed","The data contained within this spatial layer is an amalgamation of information for trails, Sites, Reserves, and Interpretive Forests derived from Forest Tenure Administration (FTA). The point is derived from the coordinates linked to each  recreation number example ( REC1567 ). That coordinate will ",multiple,"FTA, Interpretive Forests, Recreation Reserve, Recreation Sites, forest, forest tenure, rec closure, recreation",,Recreation Sites and Trails BC,recreation-sites-reserves-and-interpretive-forests-details-and-closures-fully-attributed
1,FTEN FREE USE PERMIT POLY,"DEPRECATED - This is a spatial layer showing Ministry of Forests Free Use Permits.  These are permits issued by the Ministry that authorize the permittee to cut and use Crown
timber without charge. The permit is confined to a small area and for short durations of time.

Superseded by: [WHSE_FORES",oracle_sde,"Canada, FTA, archive, deprecated, forest, forest tenure",,Forest Tenures Branch,ften-free-use-permit-poly
1,Recreation Line,This is a spatial layer showing Ministry of Forests Recreation Lines.  These are the linear spatial representation for features such as recreation trails,"kml, wms, multiple","Canada, FTA, forest, forest tenure, recreation",,Recreation Sites and Trails BC,recreation-line
1,Forest Tenure Road Segment Lines,Uniquely identifies all road segments within a road section,"kml, other, wms, multiple","Canada, FTA, Roads, forest, forest tenure",,Forest Tenures Branch,forest-tenure-road-segment-lines
0,Forest Tenure Special Use Permit Polygon,A spatial representation for non-road special use permits,"kml, wms, multiple","Canada, FTA, forest, forest tenure",,Forest Tenures Branch,forest-tenure-special-use-permit-polygon
1,Recreation Polygons,"The spatial representation of a recreation feature. This can be either a recreation reserve, recreation site, or an interpretative forest","kml, wms, multiple","Canada, FTA, Recreation Polygon, Recreation Reserve, Recreation Site, forest, forest tenure, interpretive forest, recreation",,Recreation Sites and Trails BC,recreation-polygons
0,FTEN MAP NOTATION POLY,"DEPRECATED - This is a spatial layer showing Ministry of Forests Map Notation Polygons.  These are polygonal spatial representation for a notation on the Forest Atlas which records the area of interest of other government agencies and individuals.

Superseded by: [WHSE_FOREST_TENURE.FTEN_MAP_NOTAT",oracle_sde,"Canada, FTA, archive, deprecated, forest, forest tenure, map notation",,Forest Tenures Branch,ften-map-notation-poly
0,Forest Tenure Timber Licence Elimination,The spatial representation for the areas that have been eliminated from a timber licence,"kml, wms, multiple","Canada, FTA, forest, forest tenure, timber licence",,Forest Tenures Branch,forest-tenure-timber-licence-elimination
0,Forest Tenure Timber License Elimination,DEPRECATED - Layers prefaced with FTEN are updated and maintained on an on-going and continuous basis as tenures are issued. This is the spatial layer reflecting operational activities. The spatial representation for the areas that have been eliminated from a timber licence. The file type is Timber ,oracle_sde,"Canada, FTA, forest, forest tenure",,Forest Tenures Branch,forest-tenure-timber-license-elimination
0,FTEN MAP NOTATION POINT,"DEPRECATED - This is a spatial layer showing Ministry of Forests Map Notation Points.  These are the the point spatial representation for a notation on the Forest Atlas which records the area of interest of other government agencies and individuals.

Superseded by: [WHSE_FOREST_TENURE.FTEN_MAP_NOT",oracle_sde,"Canada, FTA, archive, deprecated, forest, forest tenure, map notation",,Forest Tenures Branch,ften-map-notation-point
0,FTEN MAP NOTATION LINE,"DEPRECATED - This is a spatial layer showing Ministry of Forests Map Notation Lines.  These are the linear spatial representation for a notation on the Forest Atlas which records the area of interest of other government agencies and individuals.

Superseded by: [WHSE_FOREST_TENURE.FTEN_MAP_NOTATN_",oracle_sde,"Canada, FTA, archive, deprecated, forest, forest tenure, map notation",,Forest Tenures Branch,ften-map-notation-line
0,ParcelMap BC - Control Points,"ParcelMap BC is the current, complete and trusted mapped representation of titled and Crown land parcels across British Columbia, considered to be the point of truth for the graphical representation of property boundaries. It is not the authoritative source for the legal property boundary or related",multiple,"Cadastre, Control Points, ICF, LTSA, Land Ownership, Parcels, Plans, Survey",,Data Systems and Services (DataBC),parcelmap-bc-control-points
0,FTEN REAL PROP PRJCT POLY SVW,"DEPRECATED - This is a spatial layer showing Ministry of Forests Real Property Projects. These are spatial representations of land that is under intensive management/administration by the Ministry of Forests for various purposes consistent with the Forest Act.

Superseded by: [WHSE_FOREST_TENURE.F",oracle_sde,"Canada, FTA, archive, deprecated, forest, forest tenure",,Forest Tenures Branch,ften-real-prop-prjct-poly-svw
0,FTEN MAP NOTATION POINT SVW,"DEPRECATED - This is a spatial layer showing Ministry of Forests Map Notation Points.  These are the the point spatial representation for a notation on the Forest Atlas which records the area of interest of other government agencies and individuals.

Superseded by: [WHSE_FOREST_TENURE.FTEN_MAP_NOT",oracle_sde,"Canada, FTA, archived, deprecated, forest, forest tenure, map notation",,Forest Tenures Branch,ften-map-notation-point-svw
0,FTEN MAP NOTATION LINE SVW,"DEPRECATED - This is a spatial layer showing Ministry of Forests Map Notation Lines.  These are the linear spatial representation for a notation on the Forest Atlas which records the area of interest of other government agencies and individuals.

Superseded by: [WHSE_FOREST_TENURE.FTEN_MAP_NOTATN_",oracle_sde,"Canada, FTA, archive, deprecated, forest, forest tenure, map notation",,Forest Tenures Branch,ften-map-notation-line-svw
0,Forest Tenure Map Notation Polygon,This is a spatial layer showing Ministry of Forests Map Notation Polygons.  These are polygonal spatial representation for a notation on the Forest Atlas which records the area of interest of other government agencies and individuals,"kml, wms, multiple","Canada, FTA, forest, forest tenure, map notation",,Forest Tenures Branch,forest-tenure-map-notation-polygon
1,Forest Tenure Special Access Road Polygon,This is a spatial layer showing Ministry of Forests Map Notation Lines.  These are the spatial representation of the polygonal geometry for FSR Dedications and FSR Gravel Pits,"kml, wms, multiple","Canada, FTA, Roads, forest, forest tenure",,Forest Tenures Branch,forest-tenure-special-access-road-polygon
0,Parcel Request Polygons,Parcels requested for future disposition,"kml, zip, wms","Oil Gas Tenure, PNG Tenure, geothermal tenure, petroleum tenure",,Tenure and Resource Stewardship,parcel-request-polygons
1,TANTALIS - Interest Parcels,"REDIRECTED - The resource that this record references is not distributed but is used in the generation of other, more complete and useful spatial views (SVW). For the latest Interest Parcel information please select from the following links:  
[TANTALIS – Crown Tenures](http://catalogue.data.gov.bc",oracle_sde,"CLRS, Canada, Crown Land Registry, Crown Lands, tantalis",,Lands Branch,tantalis-interest-parcels
0,Land Parcels with Water Licences,Province-wide spatial layer displaying ParcelMap BC Parcel Fabric parcels which have water licences associated through the Land Title Office parcel identifier (PID); other land tenures and Crown land are not included. Each parcel can have multiple water licences associated with it.,"kml, oracle_sde, wms","Canada, Hydrology, water licensing, water management, water rights",,Water Management,land-parcels-with-water-licences
1,BC Address Geocoder Web Service,"The BC Address Geocoder is a REST API that can used to resolve the physical locations of addresses and place names in British Columbia (i.e., their latitude and longitude). It also provides additional capability, such as correcting and standardizing civic and non-civic addresses, reverse geocoding a","html, openapi-json","API, OpenAPI spec, Parcels, REST, address, geocode, geocoder, key-optional, location services",,Data Systems and Services (DataBC),bc-address-geocoder-web-service
0,TANTALIS - Surface Ownership,"""The spatial view TA_SURFACE_OWNERSHIP_SVW is a mutli-part polygon feature, that indicates whether the surface rights of a particular active survey parcel (either primary or subdivision) are currently owned by the crown or have been granted to a private interest.

The data is provided with two non-s","kml, wms, multiple","CLRS, Canada, Crown Land Registry, Crown Lands, tantalis",,Lands Branch,tantalis-surface-ownership
0,shishalh-BC Land Use Plan - Current Condition Assessment - Historic Aggregate Tenures,This layer displays the locations of historical tenures involving quarrying within 20 km of the swiya. It was generated using data from the TANTALIS database - a computerized land information system which maintains a registry of interests in Crown Land. This layers combines Interest Parcels joined w,"arcgis_rest, xlsx","British Columbia, Current Condition Assessment, Land Use Planning, shishalh, swiya",,GeoBC Branch,shishalh-bc-land-use-plan-current-condition-assessment-historic-aggregate-tenures
1,Land Research Tool,"This application allows users to interactively view Crown land interest data layers and explore land parcels.   It is intended to be used as a research tool to assist land research on interests on British Columbia Crown land. The tool can be used to view Crown land interest data, imagery, add your o",html,"British Columbia, Crown Land, FNLT, First Nation, First Nation Land, Land Research, MIRR, WLRS, crown land",,First Nation Land Transfers,land-research-tool
0,shíshálh Nation - Legally Defined Administrative Areas of BC,"The __shíshálh Nation__ contains legally defined areas of land within the Province of British Columbia over which the shíshálh Nation exercises self-government, including the administration of resources and services available to its members, as described in the shíshálh Nation Self-Government Act of","kml, wms, multiple","ABMS, Administrative boundaries, British Columbia, Sechelt, shíshálh Nation",,GeoBC Branch,sh-sh-lh-nation-legally-defined-administrative-areas-of-bc
1,TANTALIS - Temporary Transportation,"A temporary layer containing CLRS surveyed highways, railways and road parcels in the old CDMS format. Transportation layer from which layers such as transportation corridors are extracted.Tantalis is an information system designed specifically for the needs of the complex workings of Crown Land Reg",multiple,"CLRS, Canada, Crown Land Registry, Crown Lands, tantalis",,Lands Branch,tantalis-temporary-transportation
0,TANTALIS - Acquisitions,This feature is a parcel of land  procured  by the Crown. It results in title or administration being transferred from the former owner to the Crown. Tantalis is an information system designed specifically for the needs of the complex workings of Crown Land Registry and to provide automated support ,multiple,"CLRS, Canada, Crown Land Registry, Crown Lands, tantalis",,Lands Branch,tantalis-acquisitions
0,TANTALIS - Temporary Railway Land Grant Sublot,This feature is a parcel usually surveyed under the Land Title Act that subdivides a Railway Land Grant Lot that was surveyed under the Land Act. These sub lots vary greatly in size and can be many thousands of acres. Tantalis is an information system designed specifically for the needs of the compl,multiple,"CLRS, Canada, Crown Land Registry, Crown Lands, tantalis",,Lands Branch,tantalis-temporary-railway-land-grant-sublot
1,MTA - Crown Granted Mineral Claims,"This dataset represents the spatial location of crown granted 2 post mineral claims. 

The crown land registry (Tantalis) houses the information about crown granted 2 post mineral claims.

A Crown granted 2 post mineral claim (Crown Grant) refers to a mineral claim issued under one of the predecesso","kml, wms, multiple","Crown grant, MTA, Mineral Titles Online, claim, mineral, mineral claim, mineral title, placer",,Mineral Titles,mta-crown-granted-mineral-claims
0,TANTALIS - Regional Districts,"REDIRECTED - This datasets is still accessible to the business area but has been replaced.

A data layer containing all regional districts in BC that is a subset of the entire Tantalis Administrative Areas dataset

[Replacement Dataset: ABMS_REGIONAL_DISTRICTS_SP](https://catalogue.data.gov.bc.c",oracle_sde,"Boundaries, Boundary, Canada, district, regional, tantalis",,Lands Branch,tantalis-regional-districts
0,TANTALIS - Municipalities,"REDIRECTED: This dataset is still accessible to the business area but has been replaced..

A data layer containing all municipalities in BC that is a subset of the entire Tantalis Administrative Areas dataset. 

[Replacement Dataset: ABMS_MUNICIPALITIES_SP](https://catalogue.data.gov.bc.ca/datas",oracle_sde,"Boundaries, Boundary, Canada, municipal, municipality, tantalis",,Lands Branch,tantalis-municipalities
0,BC Wildfire Client Agreement Areas - Polygons - Internal,"This dataset contains polygon features of private land owners, federal agencies and Crown lease holders that have a Wildfire Response Agreement with the Province of BC. Holders of an Agreement pay the government an annual fee and in return the BC Wildfire Service undertakes wildfire suppression on t",other,"BCWS, client agreement, wildfire",,BC Wildfire Service,bc-wildfire-client-agreement-areas-polygons-internal
0,BC Crown Land Indicators and Statistics - Historic Crown Grants Issued - 2000-2009,"A historic record of Land Act Crown grants issued between April 1, 2000 and March 31, 2009. Crown grants are a subset of Crown land dispositions. A Crown grant is an instrument used to permanently convey Crown land under fee simple title. There are different types of Crown grants including direct sa",csv,"CLIS, Crown Grant, Crown Land, Land Act, grant, tantalis",,Lands Branch,bc-crown-land-indicators-and-statistics-historic-crown-grants-issued-2000-2009
0,"BC Crown Land Indicators and Statistics - Active Crown Tenures on April 1, 2009","A historic record of all Land Act tenures in good standing, e.g. not cancelled or expired, on April 1, 2009. Crown tenures are a subset of Crown land dispositions issued for specific purposes and periods of time under an agreement between an individual or company and the provincial government for an",csv,"CLIS, Crown Land, Crown Tenure, Land Act, tantalis, tenure",,Lands Branch,bc-crown-land-indicators-and-statistics-active-crown-tenures-on-april-1-2009
0,BC Crown Land Indicators and Statistics - Historic Crown Tenure Applications Received - 2000-2009,"A historic record of Land Act tenure applications received between April 1, 2000 and March 31, 2009. Applications are for Crown tenures which are a subset of Crown land dispositions issued for specific purposes and periods of time under an agreement between an individual or company and the provincia",csv,"CLIS, Crown Land, Crown Tenure Applications, Land Act, application, tantalis",,Lands Branch,bc-crown-land-indicators-and-statistics-historic-crown-tenure-applications-received-2000-2009
0,BC Crown Land Indicators and Statistics - Historic Crown Tenures Issued - 2000-2009,"A historic record of Land Act tenures issued between April 1, 2000 and March 31, 2009. Crown tenures are a subset of Crown land dispositions that are issued for specific purposes and periods of time under an agreement between an individual or company and the provincial government for an interest in ",csv,"CLIS, Crown Land, Crown Tenure, Land Act, tantalis, tenure",,Lands Branch,bc-crown-land-indicators-and-statistics-historic-crown-tenures-issued-2000-2009
0,BC Wildfire Client Agreement Areas - Points - Internal,"This dataset contains point features of private land owners and Crown lease holders that have a Wildfire Response Agreement with the Province of BC. Holders of an Agreement pay the government an annual fee and in return, the BC Wildfire Service undertakes wildfire suppression on their land at no add",other,"BCWS, client agreement, wildfire",,BC Wildfire Service,bc-wildfire-client-agreement-areas-points-internal
0,Legally Defined Administrative Areas of BC,"This dataset is a provincial compilation of the following administrative areas: regional districts, municipalities, electoral areas, islands trust areas, local trusts areas, counties, Sechelt Indian Government District, and the provincial boundary. Some of these boundaries overlap (although municipa","xlsx, multiple","ABMS, Administrative boundaries, Islands Trust, Local Trust Area, UTM coordinates, electoral areas, electoral boundaries, latitude, longitude, metes and bounds, municipal boundaries, municipality, regional district, regional district boundaries",,GeoBC Branch,legally-defined-administrative-areas-of-bc
0,Conservation Cross Reference Table,This cross-reference table provides a link between the provincial [__Conservation Lands__](https://catalogue.data.gov.bc.ca/dataset/conservation-lands) and [__NGO Conservation Areas__](https://catalogue.data.gov.bc.ca/dataset/ngo-conservation-areas-fee-simple). Overlap between the two datasets will ,multiple,"Canadian Wildlife Service, Ducks Unlimited Canada, Land Trust Alliance of British Columbia, NGO, Nature Conservancy of Canada, Nature Trust of British Columbia, conservation, conservation area, conservation land, cross reference, non-governmental organization",,GeoBC Branch,conservation-cross-reference-table
0,TANTALIS - Land Claim Settlement Areas,TA_LAND_CLAIM_STLMNT_AREAS_SVW contains the spatial representation (polygon) of the current extent of an area of land that is governed and owned by the First Nation in fee simple pursuant to the provisions of the applicable treaty. The view was created to provide a simplified view of this data from ,"kml, oracle_sde, wms","ABMS, Land Claim Stlmnt area, land claim settlement area, tantalis",,Lands Branch,tantalis-land-claim-settlement-areas
1,ALC ALR Polygons,"The spatial representation for the boundary of an Agricultural Land Reserve (ALR), which is a parcel of land, based on soil and climate, deemed necessary to be maintained for agricultural use. The data gets updated four times a year, at the end of: Jan, Apr, Jul and Oct. It is also available on the ","kml, wms, multiple","ALR, Agricultural Land Commission",,Agricultural Land Commission,alc-alr-polygons
0,ALC Agricultural Land Reserve Lines,"The spatial representation for a segment of the boundary of an Agricultural Land Reserve (ALR), which is a parcel of land, based on soil and climate, deemed necessary to be maintained for agricultural use. The ALR digital data is not considered the official representation of the ALR. History: ALR ha","kml, wms, multiple","ALR, Agricultural Land Commission",,Agricultural Land Commission,alc-agricultural-land-reserve-lines
0,TANTALIS - Reversions,This feature is a forfeiture of land back to the Crown due to nonpayment of taxes. A forfeiture can be redeemed by the owner or stay reverted to the Crown. Tantalis is an information system designed specifically for the needs of the complex workings of Crown Land Registry and to provide automated su,multiple,"CLRS, Canada, Crown Land Registry, Crown Lands, tantalis",,Lands Branch,tantalis-reversions
0,ALC ALR Lines,"The spatial representation for a segment of the boundary of an Agricultural Land Reserve (ALR), which is a parcel of land, based on soil and climate, deemed necessary to be maintained for agricultural use. The data gets updated four times a year, at the end of: Jan, Apr, Jul and Oct. It is also avai",oracle_sde,"ALR, Agricultural Land Commission",,Agricultural Land Commission,alc-alr-lines
1,Local and Regional Greenspaces,"This dataset contains spatial and attribute information for local and regional greenspaces in British Columbia. Local and regional greenspaces are municipal or regional district lands designated by local government agencies and managed for public enjoyment, ecosystem or wildlife values. Spatial boun","kml, multiple, wms, xlsx","Greenspaces, Local Park, Park, Regional Park, Trail Corridor",,GeoBC Branch,local-and-regional-greenspaces
0,TANTALIS - NTS Sheets,NTS mapsheet grid for BC. Tantalis is an information system designed specifically for the needs of the complex workings of Crown Land Registry and to provide automated support for all aspects of Crown land administration. It was designed to provide a foundation for integrating spatial data associate,oracle_sde,"CLRS, Canada, Crown Land Registry, Crown Lands, tantalis",,GeoBC Branch,tantalis-nts-sheets
0,TANTALIS - BCGS Sheets,BCGS map sheet tiles. Tantalis is an information system designed specifically for the needs of the complex workings of Crown Land Registry and to provide automated support for all aspects of Crown land administration. It was designed to provide a foundation for integrating spatial data associated wi,oracle_sde,"CLRS, Canada, Crown Land Registry, Crown Lands, tantalis",,GeoBC Branch,tantalis-bcgs-sheets
1,LiDAR,"__LiDAR__ (__Li__ght __D__etection __A__nd __R__anging) is a modern survey method that produces three-dimensional spatial information in the form of a data point cloud.

LiDAR is an active remote sensing system; it produces its own energy to acquire information, versus passive systems, like cameras,",other,"DEM, DSM, LiDAR, data, download, lidar, open, point cloud, portal, remote sensing, web map, webmap",,GeoBC Branch,lidar